# .PCD v0.7 - Point Cloud Data file format
VERSION 0.7
FIELDS x y z normal_x normal_y normal_z rgb
SIZE 4 4 4 4 4 4 4
TYPE F F F F F F F
COUNT 1 1 1 1 1 1 1
WIDTH 1078
HEIGHT 1
VIEWPOINT 0 0 0 1 0 0 0
POINTS 1078
DATA ascii
1.147874355 3.88704586 0.9226751328 -0.0918469727 -0.9953483939 -0.02908249572 2.341840885e-38
1.14214766 3.887981653 0.9225144386 -0.2714961767 -0.9612486362 -0.0478631258 2.341840885e-38
1.13789928 3.889195681 0.9207920432 -0.2316765338 -0.9455984235 0.2284068167 2.341840885e-38
1.122124791 3.896736145 0.9211555123 -0.5376748443 -0.836017549 -0.1094552577 2.341840885e-38
1.117437243 3.901157856 0.9216082096 -0.6938631535 -0.6877644658 -0.2133873105 2.341840885e-38
1.147064567 3.886774302 0.930617094 -0.00566283334 -0.9825443625 -0.185942024 2.341840885e-38
1.134576082 3.889953375 0.925447166 -0.3287159503 -0.9430762529 -0.05052785575 2.341840885e-38
1.132134557 3.890656948 0.9285581708 -0.3325313926 -0.9419131279 -0.04714390263 2.341840885e-38
1.127512455 3.892709017 0.9279651642 -0.4950284362 -0.8669828773 -0.05733821914 2.341840885e-38
1.11815083 3.899006844 0.9289438128 -0.6162189245 -0.7832875848 -0.08206547797 2.341840885e-38
1.143152118 3.887208939 0.9359840155 -0.1730301231 -0.9846147299 -0.0243829973 2.341840885e-38
1.135893464 3.889078379 0.9356127381 -0.3195848465 -0.9469670057 -0.03345347941 2.341840885e-38
1.123440981 3.894771576 0.9320431948 -0.5020114779 -0.8626602292 -0.06165920943 2.341840885e-38
1.121479034 3.895705938 0.9354615211 -0.6177684069 -0.78404212 -0.06033444777 2.341840885e-38
1.148384094 3.885776997 0.9412953258 -0.1068414822 -0.9928253889 -0.05369199812 2.341840885e-38
1.145462751 3.886398315 0.9402484298 -0.1743711382 -0.9795089364 -0.1007826403 2.341840885e-38
1.136405468 3.888806105 0.938190043 -0.3194240034 -0.946841538 -0.03820420057 2.341840885e-38
1.124048471 3.894026518 0.938564837 -0.4935538173 -0.8689605594 -0.03622474894 2.341840885e-38
1.119907856 3.896991014 0.9420797229 -0.6832551956 -0.7301021814 -0.01064276882 2.341840885e-38
1.115796685 3.900586843 0.9407455921 -0.7192505002 -0.6933510303 0.04407993332 2.341840885e-38
1.14908421 3.885701895 0.946760416 -0.07926046103 -0.9949449301 0.06166318804 2.341840885e-38
1.135231376 3.888952255 0.9443212748 -0.2786101699 -0.9602977037 -0.01431098115 2.341840885e-38
1.131197572 3.890187979 0.9468288422 -0.3044948876 -0.9518835545 -0.03464986384 2.341840885e-38
1.123985648 3.893926382 0.9448651075 -0.5096635818 -0.8602411747 -0.01510782074 2.341840885e-38
1.115857363 3.900804043 0.9474491477 -0.7247869372 -0.6887266636 0.01842929423 2.341840885e-38
1.14326489 3.886535168 0.9500481486 -0.2669444382 -0.9636762738 -0.008297706954 2.341840885e-38
1.135480046 3.888745546 0.9505230784 -0.2848769426 -0.9579633474 -0.03393273056 2.341840885e-38
1.125662446 3.892920256 0.9515913129 -0.5659579039 -0.8239637613 -0.02784741856 2.341840885e-38
1.119966626 3.896914005 0.953889966 -0.5941904187 -0.8004944324 0.07839915901 2.341840885e-38
1.146031857 3.886152267 0.9559231997 -0.08553780615 -0.9963302612 0.00307716406 2.341840885e-38
1.144040465 3.886515617 0.9586851597 -0.1476664692 -0.9885013103 0.03255325183 2.341840885e-38
1.136650205 3.888232231 0.9573680162 -0.2884496152 -0.9570405483 -0.02950254828 2.341840885e-38
1.129950047 3.890360594 0.9560118914 -0.2910897732 -0.9566887617 -0.003674317384 2.341840885e-38
1.115756631 3.901227713 0.9583852291 -0.719553113 -0.6943751574 0.00930372905 2.341840885e-38
1.151248574 3.886020422 0.9645496607 0.01272267569 -0.9977882504 -0.06524463743 2.341840885e-38
1.142041206 3.886660099 0.9661816359 -0.1852166653 -0.9824694395 -0.02118273266 2.341840885e-38
1.131227016 3.889830589 0.9642717242 -0.3824686408 -0.9237288833 -0.0210424494 2.341840885e-38
1.120678544 3.896166325 0.9652968645 -0.6103138924 -0.7792812586 -0.1422591358 2.341840885e-38
1.11689353 3.89976573 0.9628269672 -0.7242891788 -0.6889405251 0.02767926082 2.341840885e-38
1.148567796 3.885716438 0.9692673683 -0.006036630832 -0.998383522 -0.05651473254 2.341840885e-38
1.145336032 3.885953665 0.9701325893 -0.1852166653 -0.9824694395 -0.02118273266 2.341840885e-38
1.133533597 3.888649464 0.9682630897 -0.346295476 -0.9376271367 -0.03057691827 2.341840885e-38
1.120978475 3.895635366 0.9676305652 -0.7307937741 -0.678085804 -0.07835883647 2.341840885e-38
1.115864635 3.900667906 0.9717388153 -0.6958163381 -0.7135484219 -0.08178275079 2.341840885e-38
1.147931218 3.885533571 0.9764441848 -0.144215107 -0.9886953235 0.04103083536 2.341840885e-38
1.134170294 3.888249397 0.9773872495 -0.2063168734 -0.9782461524 0.0216297619 2.341840885e-38
1.130396008 3.889597178 0.977797389 -0.3249379098 -0.9457349777 -0.0008740930352 2.341840885e-38
1.125336051 3.892313004 0.9768512249 -0.5200715065 -0.8513789773 -0.06840655953 2.341840885e-38
1.12023139 3.895962238 0.9769568443 -0.6887021661 -0.7244636416 -0.02901370451 2.341840885e-38
1.115222931 3.900584221 0.9791196585 -0.8272997737 -0.5598784089 -0.04594863579 2.341840885e-38
1.145192504 3.88591814 0.9835797548 0.08364127576 -0.9916011095 0.0986482054 2.341840885e-38
1.134901285 3.888139486 0.9793865085 -0.2063168734 -0.9782461524 0.0216297619 2.341840885e-38
1.131443143 3.8891294 0.9827523828 -0.3305297196 -0.9436921477 0.01397298835 2.341840885e-38
1.126147866 3.891649008 0.9812806845 -0.5040348768 -0.8636824489 0.001248856308 2.341840885e-38
1.117334962 3.898288727 0.9819353819 -0.6712670326 -0.737709105 -0.0720134154 2.341840885e-38
1.113593102 3.902413845 0.9805655479 -0.7615194321 -0.6466763616 -0.04356393963 2.341840885e-38
1.144623518 3.886073112 0.9897693396 -0.2154565305 -0.9763198495 0.01944399253 2.341840885e-38
1.137031555 3.887733221 0.986310184 -0.2232568711 -0.9746434093 0.01505423337 2.341840885e-38
1.123926759 3.892856359 0.9873480797 -0.4987552464 -0.86661762 -0.01473371871 2.341840885e-38
1.12313211 3.89324832 0.9912019372 -0.4987552464 -0.86661762 -0.01473371871 2.341840885e-38
1.116029263 3.898933411 0.9892965555 -0.6657707691 -0.7437379956 -0.06002630666 2.341840885e-38
1.111930609 3.903411865 0.9882431626 -0.7615707517 -0.6381802559 -0.1128540337 2.341840885e-38
1.144569755 3.88624382 0.9927585125 -0.04513506964 -0.9982416034 0.03842674568 2.341840885e-38
1.135151625 3.888290882 0.9945268631 -0.2232568711 -0.9746434093 0.01505423337 2.341840885e-38
1.125603676 3.892009735 0.9937458634 -0.4357313812 -0.8999316096 0.01616594568 2.341840885e-38
1.121284008 3.894465685 0.9949644804 -0.6169274449 -0.7869448066 -0.01088667847 2.341840885e-38
1.115775943 3.898759127 0.9957519174 -0.6526846886 -0.7566895485 -0.03773163632 2.341840885e-38
1.110158443 3.904837608 0.9924141169 -0.7695281506 -0.6384271383 -0.01540382951 2.341840885e-38
1.137087464 3.887986898 0.9985345602 -0.2590197325 -0.9652979374 0.03329569846 2.341840885e-38
1.130515456 3.889977932 1.00122273 -0.2963803709 -0.9548301697 0.0214037355 2.341840885e-38
1.123803496 3.892889977 0.9994959831 -0.4195554554 -0.9076128006 -0.01457179524 2.341840885e-38
1.114803076 3.899209499 1.000857949 -0.624538362 -0.7776895761 -0.07176930457 2.341840885e-38
1.111939907 3.902514219 1.001273513 -0.7881702781 -0.6142754555 -0.03812125325 2.341840885e-38
1.143939972 3.886555195 1.00635469 -0.2277281135 -0.9736453891 -0.01243983395 2.341840885e-38
1.126757979 3.891452074 1.006500483 -0.3804376721 -0.9248045683 0.001959093381 2.341840885e-38
1.119065523 3.895586252 1.005011201 -0.5578675866 -0.8296456337 -0.02172306553 2.341840885e-38
1.113643527 3.900085926 1.004790902 -0.7613971829 -0.6459015012 -0.05554976687 2.341840885e-38
1.147555828 3.886605501 1.010582566 0.07359696925 -0.9968078732 0.03094559535 2.341840885e-38
1.144715071 3.886492729 1.014548898 -0.221955508 -0.9747800827 0.02323196456 2.341840885e-38
1.135517359 3.888575792 1.013797998 -0.2971452475 -0.9547838569 -0.009620206431 2.341840885e-38
1.13371861 3.889181137 1.00996244 -0.2967329025 -0.9547133446 0.02172796242 2.341840885e-38
1.128459096 3.890845776 1.011279464 -0.2967329025 -0.9547133446 0.02172796242 2.341840885e-38
1.120394349 3.894608974 1.012896895 -0.5543863773 -0.8322073817 0.009307309985 2.341840885e-38
1.11110425 3.902215958 1.011505961 -0.7668607235 -0.6306324005 -0.1192791313 2.341840885e-38
1.144756675 3.886793852 1.01822567 0.1035929918 -0.9926618934 0.06237645075 2.341840885e-38
1.138081074 3.887857914 1.018244863 -0.2437030971 -0.9697422981 -0.01444895566 2.341840885e-38
1.128919244 3.890639305 1.021142006 -0.3306527436 -0.9432877898 -0.02961303666 2.341840885e-38
1.119437933 3.895313263 1.017881751 -0.5578235984 -0.8297900558 0.01677645743 2.341840885e-38
1.111114025 3.901871204 1.017861366 -0.7003305554 -0.7137948275 -0.005838153418 2.341840885e-38
1.108391881 3.905147552 1.018358111 -0.8848719597 -0.4623663723 0.05673731118 2.341840885e-38
1.139723063 3.887524366 1.025778055 -0.07837031782 -0.996909976 0.005346932448 2.341840885e-38
1.129356742 3.890419006 1.023270249 -0.3306527436 -0.9432877898 -0.02961303666 2.341840885e-38
1.126529217 3.891597509 1.025830746 -0.394708693 -0.9185572863 0.02139239945 2.341840885e-38
1.121220708 3.894426823 1.02162087 -0.5521277785 -0.8324062228 -0.04748648033 2.341840885e-38
1.118248224 3.896282673 1.021643996 -0.4998363256 -0.8621822 0.08249580115 2.341840885e-38
1.110406876 3.902862549 1.023015976 -0.728980422 -0.6816537976 0.06273492426 2.341840885e-38
1.149191737 3.887200594 1.030161977 -0.01957500167 -0.9992410541 0.03367830068 2.341840885e-38
1.141393542 3.887553692 1.032067299 -0.05740972981 -0.9977920651 0.03339337185 2.341840885e-38
1.133705378 3.888957262 1.027337909 -0.2995083332 -0.953846693 -0.02170946635 2.341840885e-38
1.121307492 3.893979311 1.031748652 -0.394708693 -0.9185572863 0.02139239945 2.341840885e-38
1.115796566 3.897471428 1.031675935 -0.6301444173 -0.775552392 -0.03790250421 2.341840885e-38
1.110304952 3.902365208 1.029464245 -0.7089620233 -0.6991558671 -0.09248737991 2.341840885e-38
1.148280144 3.887479782 1.037696958 -0.0112702148 -0.9987999797 0.04766352847 2.341840885e-38
1.141660452 3.887615204 1.034359813 -0.05740972981 -0.9977920651 0.03339337185 2.341840885e-38
1.135574222 3.888353825 1.036156416 -0.1084609255 -0.9912624955 0.07506621629 2.341840885e-38
1.133661747 3.889054298 1.036734939 -0.37902233 -0.9249138236 -0.02960772999 2.341840885e-38
1.126644254 3.891575098 1.035749435 -0.3682872355 -0.9296987057 0.004980919417 2.341840885e-38
1.12153089 3.893749952 1.038605928 -0.4384022951 -0.8983848095 -0.0266141668 2.341840885e-38
1.113515496 3.899321795 1.035529613 -0.6425125599 -0.7660999298 0.01638589427 2.341840885e-38
1.107874155 3.905712128 1.036051393 -0.8990662098 -0.4365673959 -0.0329978168 2.341840885e-38
1.142605543 3.888026476 1.041991711 -0.1084930003 -0.9912565947 0.07509832829 2.341840885e-38
1.127418518 3.891308784 1.042482853 -0.3228392601 -0.9463437796 0.01443524659 2.341840885e-38
1.121537447 3.893797159 1.040688038 -0.5009000897 -0.8645231128 0.04121815786 2.341840885e-38
1.117407322 3.896136522 1.041049004 -0.488078028 -0.8711342812 0.05389747024 2.341840885e-38
1.110719919 3.901574135 1.04498148 -0.6437915564 -0.7650295496 -0.01619240642 2.341840885e-38
1.142334223 3.8887887 1.049448729 -0.06013708934 -0.9951931238 0.0772934854 2.341840885e-38
1.137284636 3.889159918 1.047938108 -0.1269394904 -0.9875545502 0.09285674989 2.341840885e-38
1.13272047 3.889975786 1.047057629 -0.2630939782 -0.9613888264 0.08070477843 2.341840885e-38
1.124922991 3.892462492 1.050037265 -0.236912176 -0.9592712522 0.153854996 2.341840885e-38
1.121209383 3.894389153 1.049061656 -0.5007745028 -0.8640878201 0.05076633021 2.341840885e-38
1.117264509 3.896661282 1.048817992 -0.5007745028 -0.8640878201 0.05076633021 2.341840885e-38
1.109002709 3.903086185 1.049526215 -0.7620420456 -0.6471608877 0.02178606391 2.341840885e-38
1.108196974 3.904358625 1.049237847 -0.891210258 -0.4480607212 0.07061206549 2.341840885e-38
1.137359977 3.889585018 1.05513978 -0.2087415755 -0.9766534567 0.05074550584 2.341840885e-38
1.126193523 3.892578125 1.05331552 -0.3768297434 -0.9249469042 0.04972661659 2.341840885e-38
1.114191055 3.899327517 1.054079294 -0.5998381376 -0.7938355207 0.1000977606 2.341840885e-38
1.141029358 3.889690399 1.060634613 -0.0632987842 -0.9955313206 0.07007738948 2.341840885e-38
1.134786487 3.890585661 1.060411811 -0.2155043334 -0.9707905054 0.1054682583 2.341840885e-38
1.121408463 3.895275831 1.060451269 -0.4812324941 -0.8597414494 0.1710556 2.341840885e-38
1.11469698 3.899374723 1.058355212 -0.6587795615 -0.7481876016 0.07889790088 2.341840885e-38
1.11125052 3.902655363 1.06152451 -0.7050567269 -0.6885309815 0.1697652042 2.341840885e-38
1.139727354 3.890642881 1.066540122 0.03547985107 -0.9854902029 0.1659828573 2.341840885e-38
1.133948326 3.891531944 1.06617713 -0.2011754513 -0.967625618 0.1524112523 2.341840885e-38
1.129987001 3.892436743 1.065685153 -0.3569986522 -0.9247674346 0.1317465007 2.341840885e-38
1.117614746 3.898635864 1.066400647 -0.554729104 -0.8060854673 0.206159845 2.341840885e-38
1.113014936 3.902516603 1.067217588 -0.6760211587 -0.7012277246 0.2264400423 2.341840885e-38
1.109631538 3.905445337 1.065319419 -0.8210675716 -0.5489673615 0.1564701945 2.341840885e-38
1.134801269 3.892687321 1.074576855 -0.1753276736 -0.9724074602 0.1538963914 2.341840885e-38
1.127409339 3.895047188 1.07315886 -0.4569632411 -0.8747100234 0.1614530534 2.341840885e-38
1.115989327 3.90094614 1.071270585 -0.5636208057 -0.8004536629 0.2039746791 2.341840885e-38
1.135128379 3.892871857 1.076687813 -0.2518199086 -0.9640948772 0.08430871367 2.341840885e-38
1.130800247 3.894356966 1.079293132 -0.3958162069 -0.9135103226 0.093960464 2.341840885e-38
1.121637106 3.898845673 1.078809381 -0.5241243243 -0.8471562266 0.08729337901 2.341840885e-38
1.136777759 3.892466307 1.08373642 -0.2533093691 -0.9661494493 -0.04888441414 2.341840885e-38
1.127893925 3.896062374 1.084082365 -0.4082398117 -0.9099345803 0.07320840657 2.341840885e-38
1.141033888 3.890893221 1.088036656 -0.2657691836 -0.9375522137 -0.2244165391 2.341840885e-38
1.129958034 3.894581795 1.090171099 -0.3610744178 -0.9240816236 -0.1252934486 2.341840885e-38
1.119605422 3.900112391 1.092122912 -0.5927428603 -0.7964801788 -0.1194794551 2.341840885e-38
1.147096276 3.888180971 1.097587705 0.1046870351 -0.9933334589 -0.04826277122 2.341840885e-38
1.138904572 3.889430046 1.098677158 -0.3501518071 -0.9333240986 -0.07937148958 2.341840885e-38
1.1347363 3.891248941 1.096273899 -0.2933840156 -0.9357471466 -0.1957117915 2.341840885e-38
1.129448056 3.893608332 1.094864964 -0.4405381978 -0.8677911162 -0.2299233079 2.341840885e-38
1.117858529 3.899990082 1.097897768 -0.5844673514 -0.7533115149 -0.3015289307 2.341840885e-38
1.143871427 3.888572454 1.099355817 -0.1970313042 -0.9790760875 -0.05088123679 2.341840885e-38
1.140630841 3.888992071 1.100357056 -0.1377959549 -0.9841246605 -0.1118526086 2.341840885e-38
1.132789969 3.891192913 1.101258874 -0.3743683398 -0.9198135734 -0.1174362302 2.341840885e-38
1.123776197 3.894448042 1.104498863 -0.3743683398 -0.9198135734 -0.1174362302 2.341840885e-38
1.116947055 3.899045944 1.102276087 -0.5874781013 -0.7714331746 -0.2444593012 2.341840885e-38
1.143909812 3.88860631 1.108345628 -0.08985032141 -0.9943935275 0.05575431511 2.341840885e-38
1.137863517 3.88906765 1.108927965 -0.1841243058 -0.9828913808 -0.004777357914 2.341840885e-38
1.132693052 3.890430689 1.109054685 -0.373014003 -0.9250306487 -0.0719646886 2.341840885e-38
1.128810048 3.891870499 1.110920668 -0.4510450661 -0.8911790848 0.04856240749 2.341840885e-38
1.120383024 3.896219969 1.105715513 -0.5550016165 -0.8318489194 -0.0007744302275 2.341840885e-38
1.116912961 3.898562193 1.110758781 -0.532903254 -0.8451682329 0.04128977284 2.341840885e-38
1.111560106 3.903364658 1.107333302 -0.742833972 -0.6691840291 -0.01976000331 2.341840885e-38
1.138963938 3.889282942 1.113341928 -0.04942893237 -0.986666739 0.1550668031 2.341840885e-38
1.133914113 3.890302181 1.113628864 -0.2060023546 -0.972155571 0.1116982996 2.341840885e-38
1.114478946 3.900943279 1.115564942 -0.6642186046 -0.744166255 0.07092404366 2.341840885e-38
1.140023232 3.890196562 1.119789243 -0.1258077323 -0.9845605493 0.1217083782 2.341840885e-38
1.135514498 3.891155958 1.120630503 -0.1916742325 -0.9681561589 0.1610423923 2.341840885e-38
1.127162814 3.893620729 1.120164275 -0.3944385946 -0.9033561349 0.1684218198 2.341840885e-38
1.122570515 3.895799875 1.11955893 -0.4763058126 -0.8712397218 0.1186344475 2.341840885e-38
1.11720109 3.899311304 1.120141029 -0.636546731 -0.7427282333 0.2077571452 2.341840885e-38
1.113972068 3.901706934 1.11802125 -0.7043759823 -0.6995788813 0.1201828271 2.341840885e-38
1.12735498 3.895091057 1.127306938 -0.4329640567 -0.8553674221 0.284409374 2.341840885e-38
1.12353313 3.897070408 1.126981974 -0.4965482354 -0.8380839825 0.2259538919 2.341840885e-38
1.135552287 3.893065214 1.130259633 -0.1715534031 -0.9482303262 0.2672616541 2.341840885e-38
1.13190639 3.895001888 1.134099483 -0.4336254895 -0.8567116261 0.2793103158 2.341840885e-38
1.151445389 3.886702776 0.9204360843 -0.05079666525 -0.952070117 0.3016325533 2.341840885e-38
1.112560868 3.90839839 0.9234599471 -0.8819254637 -0.4688926935 0.04844915494 2.341840885e-38
1.160071135 3.887794495 0.9298638105 0.09731717408 -0.9927647114 -0.07033967972 2.341840885e-38
1.156383395 3.887508631 0.9263448119 0.1238208413 -0.991863966 0.02956856787 2.341840885e-38
1.111243129 3.909056187 0.9285491109 -0.8731732965 -0.4572471678 -0.1688001156 2.341840885e-38
1.160941958 3.887321234 0.936645627 0.1943719089 -0.9799010158 -0.04487374425 2.341840885e-38
1.156929255 3.886746883 0.935444057 0.1754833609 -0.9779926538 -0.1128537804 2.341840885e-38
1.111477494 3.906371593 0.9363256693 -0.834734261 -0.5503441095 -0.0184399616 2.341840885e-38
1.158052921 3.886634827 0.9391918778 0.239509955 -0.9708182216 0.01213143673 2.341840885e-38
1.112977028 3.90412879 0.9392815828 -0.8349734545 -0.550191164 0.01044546161 2.341840885e-38
1.161936402 3.887633801 0.9451829195 0.3887470663 -0.9211342931 -0.01968203299 2.341840885e-38
1.109246016 3.911031961 0.9451318979 -0.9389629364 -0.343385607 0.02085582912 2.341840885e-38
1.162378192 3.887636662 0.9491481781 0.6052795649 -0.7942507863 -0.05293826386 2.341840885e-38
1.155287147 3.886348724 0.9512584805 0.1298411936 -0.9894452095 0.06433915347 2.341840885e-38
1.112396598 3.905274868 0.9553339481 -0.8069660664 -0.5902074575 -0.02147088945 2.341840885e-38
1.109350681 3.911123276 0.9520050883 -0.9348800778 -0.3541398644 0.0241708234 2.341840885e-38
1.160261035 3.887179852 0.9553925395 0.1273161322 -0.9915354848 0.02545676194 2.341840885e-38
1.110504627 3.907746553 0.9584929943 -0.8069660664 -0.5902074575 -0.02147088945 2.341840885e-38
1.109838963 3.909514427 0.9572672248 -0.9552181959 -0.2956287563 -0.01272691321 2.341840885e-38
1.162564158 3.887600899 0.9650077224 0.5133911371 -0.8576256633 -0.03013294563 2.341840885e-38
1.156641126 3.886636019 0.9639213085 0.1369998157 -0.9892906547 -0.05035048723 2.341840885e-38
1.112321258 3.905775309 0.9644735456 -0.8026899695 -0.5943057537 0.04989542812 2.341840885e-38
1.109646916 3.909961462 0.9638800025 -0.9548128247 -0.2972008884 -0.002070560586 2.341840885e-38
1.162427068 3.887396336 0.9711019993 0.4982619584 -0.8670148253 -0.004523171112 2.341840885e-38
1.154789686 3.886183262 0.9670679569 0.1474716663 -0.9870524406 -0.06308492273 2.341840885e-38
1.111362576 3.906447887 0.9719936848 -0.806206584 -0.5709821582 -0.1549529284 2.341840885e-38
1.10947597 3.91092515 0.9683594704 -0.9097053409 -0.4149092138 -0.01693030633 2.341840885e-38
1.162358284 3.887514353 0.9770923257 0.2990463078 -0.9438459277 0.1404502243 2.341840885e-38
1.157284856 3.886413574 0.9771037102 0.2073315233 -0.9758064747 0.06939296424 2.341840885e-38
1.112654805 3.904223919 0.974153161 -0.7711979151 -0.6310374141 -0.08393894136 2.341840885e-38
1.109695435 3.908271551 0.9756486416 -0.9237750173 -0.3664346039 -0.1112000868 2.341840885e-38
1.161253929 3.887850285 0.981194973 0.214366883 -0.9668174386 0.1389641911 2.341840885e-38
1.110901475 3.905678749 0.9803420305 -0.7726198435 -0.6317982674 -0.06236676499 2.341840885e-38
1.107841849 3.91109705 0.9835308194 -0.9462438822 -0.3131527603 -0.08098126948 2.341840885e-38
1.156152725 3.887288809 0.9870052934 0.1109089702 -0.991314292 -0.07067728788 2.341840885e-38
1.107586265 3.91039753 0.988761127 -0.8997175097 -0.4251726866 -0.09867421538 2.341840885e-38
1.162006497 3.887572289 0.9932115674 0.1236784905 -0.992282331 -0.008911192417 2.341840885e-38
1.154082775 3.887033224 0.9961705804 0.07626283169 -0.9959596395 0.04741783813 2.341840885e-38
1.151020527 3.886730909 0.9946811795 0.07549051195 -0.9960986972 0.04570084438 2.341840885e-38
1.108305097 3.908365965 0.9949964881 -0.9093689919 -0.414832443 0.03101558238 2.341840885e-38
1.106018066 3.913467646 0.9966919422 -0.9828704596 -0.1702156365 0.0706564635 2.341840885e-38
1.151868463 3.887060165 1.000478625 0.0814120546 -0.9965105057 -0.01841207594 2.341840885e-38
1.106286526 3.913140535 1.002353907 -0.9186837673 -0.3934392631 -0.03501102328 2.341840885e-38
1.155544996 3.88726759 1.005945563 0.08253783733 -0.9964488149 -0.01665635034 2.341840885e-38
1.108201623 3.908546209 1.003685355 -0.9200997353 -0.3897033632 -0.03934362903 2.341840885e-38
1.161926389 3.887854338 1.011021852 0.1326288432 -0.9904818535 -0.03681550547 2.341840885e-38
1.158750534 3.887480736 1.00914979 0.1349457055 -0.9904479384 -0.028331846 2.341840885e-38
1.151324749 3.886994362 1.014133334 0.07359696925 -0.9968078732 0.03094559535 2.341840885e-38
1.106736183 3.910403728 1.012918353 -0.9198338389 -0.3777836263 -0.1057608649 2.341840885e-38
1.105340481 3.913715363 1.013021469 -0.9871348143 -0.1075628176 -0.11830163 2.341840885e-38
1.156878471 3.887222052 1.016088247 0.01398531813 -0.9983016253 -0.05655316263 2.341840885e-38
1.106933117 3.908807039 1.01717186 -0.9295616746 -0.3683108985 0.01619192027 2.341840885e-38
1.161454439 3.887585402 1.024861574 0.1255169362 -0.9920656681 0.00716761034 2.341840885e-38
1.160112143 3.88745904 1.022432804 0.04797761887 -0.9988004565 0.009793021716 2.341840885e-38
1.151957154 3.886789083 1.023960233 -0.03881439194 -0.9979766011 0.05036235228 2.341840885e-38
1.106717944 3.9088552 1.027021646 -0.8956139088 -0.4376014769 -0.0798791796 2.341840885e-38
1.104637146 3.913724184 1.025057912 -0.9843192101 -0.1696373522 -0.04836213589 2.341840885e-38
1.154410958 3.887174129 1.030811906 0.1376712173 -0.9891366959 0.0515309386 2.341840885e-38
1.105651259 3.910476923 1.032698274 -0.8782837987 -0.4736223221 -0.06557065994 2.341840885e-38
1.104816914 3.913053513 1.028469324 -0.9369133115 -0.3456337452 -0.05225788802 2.341840885e-38
1.155249715 3.887517929 1.038441777 0.01978999935 -0.9980900288 0.05852173641 2.341840885e-38
1.158073425 3.888169527 1.042899132 0.15850465 -0.9705199003 0.1815694869 2.341840885e-38
1.103976727 3.913551092 1.041824698 -0.9834425449 -0.1765487194 -0.0408835113 2.341840885e-38
1.157125354 3.889334202 1.050554991 0.2516209483 -0.9583618045 0.1350176483 2.341840885e-38
1.149989128 3.888302326 1.049664974 -0.07755664736 -0.971567452 0.2237002552 2.341840885e-38
1.147696972 3.887983799 1.046132088 -0.009512338787 -0.9982869029 0.05773064494 2.341840885e-38
1.1041646 3.91294241 1.048606515 -0.953161478 -0.2997024357 0.04076326266 2.341840885e-38
1.147732615 3.888863325 1.054575562 0.03434005007 -0.9847356081 0.1706360579 2.341840885e-38
1.106542945 3.908462048 1.053822994 -0.8949203491 -0.4392344058 0.07868187129 2.341840885e-38
1.104315877 3.913325071 1.055127501 -0.9787805676 -0.2006589621 0.0415292345 2.341840885e-38
1.153016448 3.890204906 1.060260296 0.1247155815 -0.97587955 0.1791791767 2.341840885e-38
1.145790815 3.890021563 1.061649799 0.03434005007 -0.9847356081 0.1706360579 2.341840885e-38
1.104550958 3.913230181 1.063267827 -0.9755707383 -0.2185265422 0.02254064754 2.341840885e-38
1.152763486 3.89157033 1.068493485 0.09119995683 -0.9832314253 0.1579197943 2.341840885e-38
1.106847644 3.910124063 1.066825271 -0.8149378896 -0.5429807901 0.2026035041 2.341840885e-38
1.104717135 3.912852526 1.064743638 -0.8995018005 -0.4367728829 0.01122521237 2.341840885e-38
1.150650382 3.891714811 1.070129633 0.04283297062 -0.9823687077 0.1819812953 2.341840885e-38
1.146815658 3.891881227 1.074330568 0.02054904588 -0.9984725118 0.05128706992 2.341840885e-38
1.108874917 3.908979654 1.073414326 -0.8458954692 -0.5144911408 0.1405695081 2.341840885e-38
1.115137696 3.903714657 1.0780375 -0.6799811125 -0.7014557123 0.2135079354 2.341840885e-38
1.109335065 3.909518719 1.07782793 -0.7694879174 -0.6131926775 0.1785585582 2.341840885e-38
1.152352929 3.89150238 1.083759904 0.1189581752 -0.9770348668 -0.1767823249 2.341840885e-38
1.146826982 3.891505957 1.08242023 -0.02242438123 -0.9555776119 -0.2938852906 2.341840885e-38
1.139923811 3.892116785 1.083836913 -0.01215395611 -0.999625802 0.02451012656 2.341840885e-38
1.116614103 3.903058767 1.086285353 -0.6926216483 -0.7182015777 0.06679629534 2.341840885e-38
1.114393115 3.904891729 1.081880808 -0.7301902771 -0.6829641461 0.01955101267 2.341840885e-38
1.110057473 3.909632683 1.083672762 -0.7880228758 -0.6123359799 0.06375410408 2.341840885e-38
1.155102134 3.8901999 1.091010451 0.1595389545 -0.9545283914 -0.2518393993 2.341840885e-38
1.146828294 3.889451504 1.089050651 0.008984223008 -0.9781721234 -0.2076020092 2.341840885e-38
1.113453388 3.905990362 1.091888785 -0.6943061948 -0.7183349133 -0.04397691786 2.341840885e-38
1.108614087 3.911921263 1.091513753 -0.8562475443 -0.5165649652 -0.0008796976763 2.341840885e-38
1.156447649 3.889249802 1.096224546 0.1809073538 -0.9798423648 -0.08474439383 2.341840885e-38
1.153773069 3.889118671 1.094325185 0.1030447558 -0.9855111241 -0.1347206682 2.341840885e-38
1.11425364 3.90453124 1.095583439 -0.7158477902 -0.6615719795 -0.2233483344 2.341840885e-38
1.108997345 3.91112113 1.096140027 -0.8181656003 -0.568143487 -0.08841998875 2.341840885e-38
1.156222105 3.888648987 1.104564905 0.07019431889 -0.9941006303 0.08268482983 2.341840885e-38
1.15265584 3.888640642 1.099353671 0.08133143932 -0.9938605428 -0.07501012832 2.341840885e-38
1.109738827 3.906672001 1.102630973 -0.8669931293 -0.4078274369 -0.2863558829 2.341840885e-38
1.157380581 3.889233828 1.107576132 0.5456172824 -0.8374338746 0.03172488138 2.341840885e-38
1.152838588 3.888876677 1.110174894 0.07019431889 -0.9941006303 0.08268482983 2.341840885e-38
1.147621632 3.888341665 1.108208656 0.0711261183 -0.9939292669 0.08393932134 2.341840885e-38
1.105493665 3.913303852 1.109305739 -0.9725922942 -0.1799060255 -0.1473028064 2.341840885e-38
1.156708717 3.889643192 1.11511004 0.4419711828 -0.8905388117 0.1077131256 2.341840885e-38
1.151357174 3.889143229 1.114660382 0.07936059684 -0.9943438768 0.07058562338 2.341840885e-38
1.108468652 3.907744884 1.11480093 -0.8342062831 -0.5421747565 0.1007289961 2.341840885e-38
1.105358362 3.912966967 1.114708185 -0.9882442951 -0.13823466 0.06530208141 2.341840885e-38
1.156305194 3.890026331 1.119089484 0.2404944152 -0.9281886816 0.2839513123 2.341840885e-38
1.109992623 3.907062769 1.120914698 -0.8028510809 -0.5338752866 0.2653438151 2.341840885e-38
1.106033564 3.913249731 1.120769262 -0.9092773199 -0.3135521114 0.2736783326 2.341840885e-38
1.151542425 3.890326977 1.124058962 0.2715033591 -0.9085399508 0.3175550997 2.341840885e-38
1.149337173 3.890135765 1.125087738 0.08503698558 -0.9869693518 0.1366027594 2.341840885e-38
1.14127028 3.891001701 1.125744581 -0.1361286044 -0.9788335562 0.1528201103 2.341840885e-38
1.113943338 3.904857159 1.126364708 -0.6857967377 -0.6688469648 0.2869262099 2.341840885e-38
1.110682249 3.909309387 1.127408743 -0.8283029199 -0.5003139973 0.2521905899 2.341840885e-38
1.149650097 3.891656637 1.129834771 0.2744816542 -0.9196752906 0.2808155417 2.341840885e-38
1.143805027 3.891530275 1.130863667 -0.04089874774 -0.967674911 0.2488625497 2.341840885e-38
1.135213137 3.893829823 1.133040071 -0.2828029692 -0.9440814853 0.1695070714 2.341840885e-38
1.12116158 3.900281906 1.131657362 -0.5582949519 -0.7901775837 0.2528361976 2.341840885e-38
1.113905549 3.906201601 1.130797744 -0.7773554921 -0.6010938883 0.185485065 2.341840885e-38
1.14601469 3.893532276 1.136640429 0.05494477972 -0.9447368383 0.3231927752 2.341840885e-38
1.13940084 3.894380569 1.138930559 -0.2105385959 -0.9100140929 0.3571384549 2.341840885e-38
1.138105392 3.893773317 1.136426568 -0.2714535594 -0.9116048813 0.3086901009 2.341840885e-38
1.12908566 3.897354364 1.137162924 -0.3485665023 -0.8500418067 0.3948800862 2.341840885e-38
1.118967414 3.903139353 1.135622859 -0.5708986521 -0.7309330106 0.3739139736 2.341840885e-38
1.11489439 3.907605886 1.137215972 -0.6285810471 -0.6715419292 0.3923229277 2.341840885e-38
1.112193942 3.910352707 1.136078 -0.8847160339 -0.3296674192 0.3295406699 2.341840885e-38
1.144402146 3.895098925 1.141666055 0.01451842301 -0.9579594731 0.2865360081 2.341840885e-38
1.138209343 3.896516085 1.143456459 -0.1919203848 -0.8380967379 0.5106471181 2.341840885e-38
1.13207972 3.898266792 1.143119454 -0.4413078129 -0.827944994 0.3460557163 2.341840885e-38
1.124679327 3.904923916 1.147004366 -0.5462697744 -0.699103415 0.4613499641 2.341840885e-38
1.122249961 3.905013561 1.144150257 -0.5450761318 -0.7319530845 0.4088236392 2.341840885e-38
1.136358142 3.898897171 1.148191571 -0.1594316661 -0.9169718027 0.3657107055 2.341840885e-38
1.13013649 3.901745319 1.148050189 -0.476769805 -0.7657072544 0.4317208827 2.341840885e-38
1.164379835 3.889208317 0.9214003086 0.4684374332 -0.880861938 0.06818208843 2.341840885e-38
1.163188696 3.888908863 0.927875042 0.5473721027 -0.8103827834 0.2089585215 2.341840885e-38
1.109319687 3.917221785 0.9315500855 -0.9839827418 -0.1326606125 -0.1190765202 2.341840885e-38
1.162753224 3.888325453 0.9328573346 0.6441320777 -0.7618082166 0.06886406243 2.341840885e-38
1.109088659 3.918728352 0.9316641688 -0.9749916792 -0.1531913877 -0.1610086411 2.341840885e-38
1.166882753 3.889618874 0.9385330081 0.3721064031 -0.9278534651 0.02499751188 2.341840885e-38
1.108589172 3.914598942 0.9416090846 -0.9760939479 -0.1924546212 -0.1010044217 2.341840885e-38
1.168957472 3.890311956 0.94629246 0.3512505591 -0.9217509627 -0.1643119305 2.341840885e-38
1.163862944 3.888418436 0.9460231662 0.3550287485 -0.9190201759 -0.1713378429 2.341840885e-38
1.108519435 3.91359973 0.9457552433 -0.9734147191 -0.2282920778 0.01861728728 2.341840885e-38
1.169756293 3.889776945 0.9521059394 0.3074576855 -0.9511877894 0.02667804994 2.341840885e-38
1.16362226 3.887994766 0.9497656226 0.3040785491 -0.9486811161 -0.08683621138 2.341840885e-38
1.107611418 3.919039488 0.95179075 -0.9798259735 -0.1904849857 0.06047021598 2.341840885e-38
1.167896867 3.890069008 0.9589133263 0.4239808917 -0.8761141896 0.2294871658 2.341840885e-38
1.108196616 3.914643049 0.9583258033 -0.9803174734 -0.1901238263 -0.05320456997 2.341840885e-38
1.107547164 3.918479919 0.9612856507 -0.9977909923 -0.06533911079 0.0120037226 2.341840885e-38
1.165771365 3.889292479 0.9644235373 0.4347375333 -0.900555253 0.001891610911 2.341840885e-38
1.107700586 3.916326523 0.9628913999 -0.9651048779 -0.2608345747 0.0231959559 2.341840885e-38
1.107107282 3.919014692 0.9668938518 -0.9945698977 -0.06845267862 -0.07838986069 2.341840885e-38
1.107812405 3.914684296 0.9723013639 -0.9591921568 -0.2580878139 -0.1155040115 2.341840885e-38
1.168349385 3.89070034 0.9782320261 0.4521054327 -0.884741962 0.1132802665 2.341840885e-38
1.165268421 3.888837337 0.9752684236 0.4531698227 -0.8904731274 -0.04116784781 2.341840885e-38
1.107309461 3.91558218 0.9756880999 -0.9769497514 -0.2035248876 -0.06439674646 2.341840885e-38
1.106601119 3.919636011 0.9745093584 -0.9896383882 -0.1323869526 -0.05558417365 2.341840885e-38
1.164492607 3.888973713 0.9800519943 0.4479601979 -0.8861905336 0.1183132753 2.341840885e-38
1.10672617 3.914922953 0.9825688601 -0.9835386872 -0.1612236053 -0.08160047978 2.341840885e-38
1.106278062 3.91684556 0.9844534993 -0.9898174405 -0.1008197516 -0.1004835963 2.341840885e-38
1.163531423 3.888788223 0.9866273999 0.3632994294 -0.923821032 -0.120699726 2.341840885e-38
1.105658531 3.915692806 0.9902881384 -0.9879614115 -0.09374165535 -0.1230640933 2.341840885e-38
1.166168571 3.890135765 0.9945192933 0.4580420852 -0.8885308504 -0.02665632404 2.341840885e-38
1.105408192 3.918138504 0.9946277738 -0.9986917377 -0.0366153121 0.03569705412 2.341840885e-38
1.16515708 3.889172077 0.9992116094 0.2882442176 -0.9575107098 0.009415207431 2.341840885e-38
1.106056929 3.914414883 1.000054598 -0.9771248698 -0.2038159519 0.06071394682 2.341840885e-38
1.1628654 3.888137341 1.006899357 0.1516295522 -0.987639904 -0.03969879821 2.341840885e-38
1.105821967 3.917136669 1.006341338 -0.9965746403 -0.08266880363 0.002190496773 2.341840885e-38
1.167529821 3.890741348 1.013975382 0.5247655511 -0.8512397408 -0.003488917602 2.341840885e-38
1.105300426 3.917007923 1.012669444 -0.9859576821 0.1517709494 -0.06966408342 2.341840885e-38
1.163946629 3.888725281 1.018825054 0.4590300918 -0.8882055879 0.0195570793 2.341840885e-38
1.104810238 3.918663979 1.019513011 -0.9991134405 -0.006762902252 -0.04155348614 2.341840885e-38
1.163332701 3.888383627 1.024467349 0.4809279144 -0.8755691051 -0.04568568617 2.341840885e-38
1.104480982 3.916453362 1.024907351 -0.9928177595 -0.06773217767 -0.09861707687 2.341840885e-38
1.163591743 3.888344049 1.035994053 0.3956697881 -0.9183481932 0.009065019898 2.341840885e-38
1.104134202 3.918817759 1.036706448 -0.9988819361 0.02901689149 -0.03732470796 2.341840885e-38
1.163422942 3.888940573 1.041400075 0.3762758672 -0.8949613571 0.2397097498 2.341840885e-38
1.103858232 3.915309191 1.041365743 -0.9988819361 0.02901689149 -0.03732470796 2.341840885e-38
1.160981059 3.889950275 1.048632622 0.2411573678 -0.9684736133 0.06246708706 2.341840885e-38
1.103949904 3.918774605 1.049400568 -0.9989265203 0.003402456874 0.04619929567 2.341840885e-38
1.166124463 3.891889095 1.053693533 0.5225425363 -0.8483102322 0.08555272222 2.341840885e-38
1.162151575 3.890641212 1.053408265 0.1766269207 -0.9770602584 0.1189802065 2.341840885e-38
1.10418427 3.91864562 1.056033254 -0.9993251562 -0.03383972868 -0.01428664103 2.341840885e-38
1.157250047 3.891067266 1.061732292 0.1987461597 -0.9616637826 0.1889517754 2.341840885e-38
1.104241133 3.914857864 1.062924385 -0.9916904569 -0.03950854018 0.1224301904 2.341840885e-38
1.158583403 3.892457485 1.068946719 0.2176376283 -0.9668926597 0.1332383901 2.341840885e-38
1.154486537 3.891554356 1.067233801 0.1009428203 -0.98415941 0.1457425803 2.341840885e-38
1.104777932 3.919729471 1.066614032 -0.992228806 0.1242420822 -0.006781896111 2.341840885e-38
1.15959692 3.892857552 1.070005178 0.236072287 -0.9592478275 0.1552853882 2.341840885e-38
1.155947924 3.892299652 1.071899056 0.1208078265 -0.9923240542 0.02642875351 2.341840885e-38
1.105597138 3.916789055 1.072935104 -0.9401991963 -0.3027428389 0.1561159492 2.341840885e-38
1.158951998 3.892986298 1.075484157 0.2315517068 -0.9725504518 0.02301128395 2.341840885e-38
1.154963851 3.892382383 1.077629685 0.08229575306 -0.9954839349 0.04732150584 2.341840885e-38
1.105659127 3.919255972 1.075856328 -0.9933018088 -0.06991377473 0.09199871868 2.341840885e-38
1.160243154 3.893009901 1.082899451 0.2644092441 -0.9556291103 -0.1298493296 2.341840885e-38
1.107096434 3.915164232 1.085142851 -0.9724617004 -0.2272571921 0.05169514567 2.341840885e-38
1.156524301 3.890845299 1.089402199 0.1489586383 -0.9568521976 -0.2494902611 2.341840885e-38
1.106805921 3.917282581 1.091733694 -0.977491796 -0.2096842974 0.02328792959 2.341840885e-38
1.161526799 3.891891718 1.09505868 0.4441732168 -0.8895177245 -0.1070907861 2.341840885e-38
1.107008219 3.915270805 1.096886754 -0.9262754917 -0.3225961626 -0.1947963089 2.341840885e-38
1.106494784 3.915275097 1.100209475 -0.9893057346 -0.0840575695 -0.1191991195 2.341840885e-38
1.160385132 3.891191006 1.109870076 0.5059310794 -0.862103641 -0.02848065645 2.341840885e-38
1.158009529 3.889868259 1.111853004 0.4925489426 -0.861675024 0.1221142635 2.341840885e-38
1.105510235 3.919627428 1.112161398 -0.995044589 0.07201513648 0.06855738163 2.341840885e-38
1.159432173 3.891501665 1.119187355 0.4437040389 -0.8943988085 0.05637059733 2.341840885e-38
1.106027603 3.91747117 1.12078011 -0.9870237708 0.02883439697 0.1579640806 2.341840885e-38
1.158665061 3.891916037 1.123851299 0.2650440335 -0.9410617352 0.2101300061 2.341840885e-38
1.109099746 3.913006067 1.128194332 -0.9273591638 -0.2638899982 0.2652679086 2.341840885e-38
1.107342958 3.91493082 1.125176907 -0.9241260886 -0.1579626352 0.3479062915 2.341840885e-38
1.152527928 3.892459393 1.130211473 0.1064427346 -0.9701858163 0.2177372277 2.341840885e-38
1.108243585 3.918269634 1.131072879 -0.9660636187 -0.1880039722 0.177131623 2.341840885e-38
1.155767918 3.894428253 1.136461735 0.1296177357 -0.9524286389 0.2758241594 2.341840885e-38
1.113494873 3.910651207 1.139567852 -0.9189884067 -0.1882816702 0.3464252353 2.341840885e-38
1.111815929 3.914841652 1.138224244 -0.866897285 -0.2433801591 0.4350346625 2.341840885e-38
1.154548049 3.896700144 1.144901872 0.1366751194 -0.9537610412 0.2676937282 2.341840885e-38
1.14341867 3.896871805 1.145534992 -0.03572138771 -0.8866619468 0.4610364735 2.341840885e-38
1.1168226 3.90954423 1.142943859 -0.6621726155 -0.569054544 0.4875493348 2.341840885e-38
1.150854945 3.898309469 1.15038228 0.1248719245 -0.895240128 0.4277288914 2.341840885e-38
1.145101309 3.899008751 1.150188327 -0.1191886589 -0.9005121589 0.4181768894 2.341840885e-38
1.130933046 3.903523445 1.152192116 -0.4759034216 -0.773296833 0.4189606011 2.341840885e-38
1.120549798 3.91092515 1.150259852 -0.703392446 -0.5135958195 0.491384238 2.341840885e-38
1.119342446 3.910512686 1.148020983 -0.6776558757 -0.5896316767 0.439450711 2.341840885e-38
1.148739815 3.900528669 1.155148268 0.20825091 -0.7648651004 0.6096006036 2.341840885e-38
1.145663381 3.901009321 1.155478358 -0.1554909497 -0.9056305289 0.3945325911 2.341840885e-38
1.139193177 3.901749611 1.154262304 -0.0863134414 -0.8610364199 0.5011650324 2.341840885e-38
1.131918192 3.904805422 1.155463576 -0.3549880385 -0.7738261223 0.5245728493 2.341840885e-38
1.128177524 3.90743947 1.156309605 -0.5860958695 -0.7365278006 0.3376660943 2.341840885e-38
1.125077248 3.910811663 1.158575177 -0.5421557426 -0.771707356 0.3324680328 2.341840885e-38
1.129706144 3.908759832 1.162539601 -0.4545412958 -0.851080358 0.2627823651 2.341840885e-38
1.111287236 3.918589592 0.9207016826 -0.9914645553 -0.03713389859 -0.124977313 2.341840885e-38
1.172834516 3.895020723 0.9262471795 0.5501707792 -0.8084016442 0.2092821747 2.341840885e-38
1.109624267 3.921889544 0.9271912575 -0.966663003 -0.01470986288 -0.2556291819 2.341840885e-38
1.10915184 3.923492193 0.9289798737 -0.9567436576 0.101734437 -0.2725652754 2.341840885e-38
1.172345519 3.892605782 0.9339197874 0.4459896684 -0.8376529217 -0.3153266609 2.341840885e-38
1.108071923 3.923595428 0.9355686903 -0.9884166121 -0.01252235845 -0.1512477547 2.341840885e-38
1.171331406 3.891419411 0.9386638403 0.3780234158 -0.9252314568 0.03232906014 2.341840885e-38
1.107282639 3.921978474 0.9412430525 -0.992333591 -0.02529063262 -0.1209733263 2.341840885e-38
1.173945665 3.892784119 0.9476108551 0.7120167017 -0.693549931 -0.1096398011 2.341840885e-38
1.107097268 3.922583818 0.9473004937 -0.9980291128 0.02518335916 0.05747863278 2.341840885e-38
1.172904253 3.891546726 0.9528602958 0.5805841088 -0.8039357662 0.1288780123 2.341840885e-38
1.172996879 3.892416239 0.9583519697 0.4342931211 -0.891839087 0.1265411377 2.341840885e-38
1.107236266 3.9231565 0.9608914256 -0.9977909923 -0.06533911079 0.0120037226 2.341840885e-38
1.175494552 3.894910574 0.9659121633 0.7307946682 -0.6820409894 0.02755878121 2.341840885e-38
1.171144009 3.891882658 0.9698844552 0.4326007068 -0.9015855789 0.0004518064961 2.341840885e-38
1.10652113 3.92185092 0.972124517 -0.9951915145 -0.05757342279 -0.07924178988 2.341840885e-38
1.171769023 3.892234325 0.9754370451 0.4743328691 -0.8802007437 0.01597316377 2.341840885e-38
1.10619998 3.923680067 0.9757571816 -0.9962009788 -0.08001153916 -0.03437890485 2.341840885e-38
1.172810674 3.893155575 0.9810384512 0.316478014 -0.9401450157 0.1263689697 2.341840885e-38
1.105956674 3.922257662 0.9834554791 -0.9977576733 -0.03410110995 -0.0575908646 2.341840885e-38
1.173526764 3.893828154 0.9861036539 0.2648082674 -0.9582634568 -0.1077398434 2.341840885e-38
1.105658293 3.923174858 0.9870691895 -0.9930722713 -0.07605978847 -0.08956883103 2.341840885e-38
1.172317386 3.892904282 0.9911645651 0.3426775038 -0.9324869514 -0.1141947806 2.341840885e-38
1.10517478 3.926175594 0.997461915 -0.9957017899 -0.08617504686 -0.03394062817 2.341840885e-38
1.105488181 3.922632933 1.002050519 -0.9941667318 -0.08655047417 0.06435541809 2.341840885e-38
1.171572089 3.892667294 1.005956054 0.4360060096 -0.8798927069 0.188911438 2.341840885e-38
1.173157096 3.893407583 1.010755301 0.3085078597 -0.951179266 -0.009000128135 2.341840885e-38
1.105221629 3.925130367 1.011842847 -0.9883570671 -0.09456016868 -0.1192011014 2.341840885e-38
1.173555851 3.89335084 1.019284368 0.2819630206 -0.9592224956 -0.01973030902 2.341840885e-38
1.104570389 3.926959753 1.01575613 -0.988097012 -0.0957043618 -0.1204368472 2.341840885e-38
1.170146704 3.892235994 1.026019335 0.3951217234 -0.9186233282 0.003162977286 2.341840885e-38
1.104270339 3.924972057 1.023046732 -0.9995176792 0.005994099192 0.03047375754 2.341840885e-38
1.173445582 3.8932693 1.027674317 0.2594468594 -0.9657531977 0.002881482709 2.341840885e-38
1.173982501 3.893784523 1.034853816 0.3332242966 -0.9402953386 0.06932762265 2.341840885e-38
1.169129968 3.892221212 1.036198616 0.6211839914 -0.7736064792 0.1251545399 2.341840885e-38
1.104337096 3.924198151 1.035463095 -0.9988555312 0.04739284515 -0.006447209045 2.341840885e-38
1.173894763 3.894305468 1.043631673 0.3813203573 -0.9237954021 0.0345964022 2.341840885e-38
1.169264555 3.892939806 1.040634036 0.4619632065 -0.8863537908 0.03109768219 2.341840885e-38
1.104213119 3.922887802 1.042486548 -0.9947083592 0.04810032994 -0.09078458697 2.341840885e-38
1.174409866 3.894624472 1.047106385 0.2484346777 -0.9656780958 0.07580343634 2.341840885e-38
1.168465376 3.892889977 1.050114155 0.3793939948 -0.9234465361 0.05750450864 2.341840885e-38
1.16732347 3.892956734 1.056275606 0.5194462538 -0.8426148891 0.1420417726 2.341840885e-38
1.104032755 3.925587893 1.054695129 -0.9992154241 0.01738750935 0.03558675945 2.341840885e-38
1.172113657 3.896025658 1.058390737 0.2760769129 -0.8779511452 0.3911310136 2.341840885e-38
1.168228984 3.894019127 1.05893445 0.5571412444 -0.8148604035 0.1599883586 2.341840885e-38
1.104355454 3.925184727 1.061955214 -0.9956182837 0.0151553452 0.09227472544 2.341840885e-38
1.167031527 3.894149303 1.063867331 0.5953074694 -0.7983953953 0.09040976316 2.341840885e-38
1.166838169 3.894946337 1.07147634 0.544136405 -0.8349086642 0.08272441477 2.341840885e-38
1.16406858 3.894073486 1.070948005 0.2308984846 -0.9664866328 0.112203531 2.341840885e-38
1.105174661 3.922304869 1.072941303 -0.9933018088 -0.06991377473 0.09199871868 2.341840885e-38
1.167262316 3.895687342 1.078907609 0.3763599098 -0.9235054255 0.07410168648 2.341840885e-38
1.163665652 3.894261599 1.076323271 0.2676726282 -0.961268127 0.06568997353 2.341840885e-38
1.105950952 3.921996593 1.079236865 -0.9922190905 0.05448336154 0.1119502708 2.341840885e-38
1.168889761 3.897179127 1.081626534 0.7095012665 -0.7038739324 -0.03419896215 2.341840885e-38
1.164457679 3.894574165 1.082194209 0.3750714064 -0.9269949794 0.001397890854 2.341840885e-38
1.106687069 3.925538063 1.083777666 -0.9889724851 0.1123090908 0.09654128551 2.341840885e-38
1.166154623 3.894837856 1.088384271 0.2232309878 -0.9726648927 -0.06396149099 2.341840885e-38
1.163325071 3.89408493 1.087358713 0.3629908264 -0.9018709064 -0.2342365086 2.341840885e-38
1.10655117 3.92298317 1.089514375 -0.9984110594 -0.04146823287 -0.03815449402 2.341840885e-38
1.166894078 3.894768953 1.096649528 0.6825383902 -0.7289857268 0.05216595531 2.341840885e-38
1.106239438 3.921210051 1.099111795 -0.993388772 -0.08500766754 -0.07715208828 2.341840885e-38
1.106143832 3.926059961 1.098998189 -0.99674505 -0.006352513563 -0.0803681761 2.341840885e-38
1.166359067 3.894800901 1.103005171 0.5904356837 -0.8069122434 0.01668697782 2.341840885e-38
1.165555239 3.894001722 1.110940456 0.3606646061 -0.9288348556 -0.08477528393 2.341840885e-38
1.10559094 3.921041012 1.110929132 -0.9972785115 0.07247295976 -0.01354146097 2.341840885e-38
1.105563521 3.926073313 1.108830333 -0.9965147376 -0.03845495731 -0.07402532548 2.341840885e-38
1.167462468 3.895172834 1.114843607 0.5500468612 -0.8319686651 0.07264149189 2.341840885e-38
1.105641842 3.924719572 1.113402724 -0.9916737676 -0.04749837518 0.1196956709 2.341840885e-38
1.164095044 3.893950224 1.121333718 0.4437040389 -0.8943988085 0.05637059733 2.341840885e-38
1.106097221 3.923523664 1.119900227 -0.9830802679 0.02370355278 0.1816355884 2.341840885e-38
1.164752722 3.897017717 1.13335669 0.5730793476 -0.7637847066 0.2970069051 2.341840885e-38
1.108977079 3.924635172 1.133458138 -0.9537031651 0.1934173107 0.23030442 2.341840885e-38
1.109836698 3.921676874 1.137173176 -0.8609414697 -0.01705957949 0.5084179044 2.341840885e-38
1.161942959 3.897879601 1.141227603 0.6743793488 -0.6406793594 0.3670731187 2.341840885e-38
1.1569736 3.897438765 1.145971417 0.4243669808 -0.7347444296 0.5292100906 2.341840885e-38
1.114129186 3.918168545 1.144851446 -0.9164187312 0.01540503372 0.3999243677 2.341840885e-38
1.155575991 3.899997473 1.151148915 0.2939018607 -0.8397290707 0.4565927386 2.341840885e-38
1.116130829 3.920998812 1.148355246 -0.9876894951 -0.02886995673 0.1537403911 2.341840885e-38
1.154101372 3.902613878 1.156268239 0.2121266425 -0.8239409328 0.5254746079 2.341840885e-38
1.146423221 3.902337074 1.15819931 0.2615483105 -0.702128768 0.6622746587 2.341840885e-38
1.120361686 3.916539431 1.157359242 -0.8295387626 -0.4329103529 0.3527804911 2.341840885e-38
1.147218585 3.903200626 1.159272671 0.1472309977 -0.9169921279 0.3707407117 2.341840885e-38
1.140534163 3.905970573 1.163927913 -0.210891664 -0.8927020431 0.3982558846 2.341840885e-38
1.12454164 3.914460182 1.163461208 -0.7474055886 -0.3802031279 0.5448215008 2.341840885e-38
1.147785544 3.906864882 1.168508053 0.1614865959 -0.921285212 0.3537736535 2.341840885e-38
1.143239379 3.906291008 1.165788651 0.07147272676 -0.8621812463 0.5015329123 2.341840885e-38
1.133585691 3.908384085 1.166739345 -0.1559626013 -0.9247739911 0.347086221 2.341840885e-38
1.130391598 3.912195206 1.170953989 -0.6046865582 -0.687926352 0.4013871253 2.341840885e-38
1.126568437 3.91334939 1.165830493 -0.7229056954 -0.4306962788 0.5402851701 2.341840885e-38
1.142897844 3.909743547 1.174024224 -0.1363591701 -0.9219792485 0.3624367118 2.341840885e-38
1.133370757 3.911308289 1.173797965 -0.1686383039 -0.9172364473 0.3608856201 2.341840885e-38
1.179080248 3.898415327 0.9205887914 0.7761443257 -0.5784010887 0.2511023879 2.341840885e-38
1.176380515 3.897095442 0.9249516726 0.5491572618 -0.8088620901 0.2101631463 2.341840885e-38
1.108312368 3.926963091 0.9354553819 -0.9766693711 0.1143822744 -0.1817517877 2.341840885e-38
1.176922917 3.896989822 0.9391800165 0.7660743594 -0.6408653855 -0.04921063036 2.341840885e-38
1.107563853 3.928766966 0.946991086 -0.9825039506 0.1814518124 0.0419675298 2.341840885e-38
1.175893068 3.895048141 0.9489008188 0.7844703794 -0.6197454929 -0.02284596488 2.341840885e-38
1.1076684 3.92883873 0.9537004828 -0.9923172593 0.06496616453 -0.1052898616 2.341840885e-38
1.179590225 3.899392605 0.9589864612 0.7513570786 -0.6593968272 0.02566100657 2.341840885e-38
1.107139468 3.929386139 0.9594424367 -0.9646366835 0.2516049743 -0.0785562098 2.341840885e-38
1.178246379 3.897926807 0.9659293294 0.7528648973 -0.6581440568 0.006404279266 2.341840885e-38
1.176606059 3.896032095 0.9640251398 0.7528648973 -0.6581440568 0.006404279266 2.341840885e-38
1.10683465 3.931121111 0.9655258656 -0.9920679927 0.07802982628 -0.0985520035 2.341840885e-38
1.178685308 3.89805603 0.9688649178 0.6307627559 -0.7747715116 -0.04321666062 2.341840885e-38
1.177432895 3.896329165 0.9835627675 0.5432009697 -0.8371493816 -0.06413880736 2.341840885e-38
1.175497174 3.89506793 0.9790641069 0.6693065763 -0.7424829006 0.02734917402 2.341840885e-38
1.105664253 3.92854023 0.9821220636 -0.9940724373 -0.07619788498 -0.077550143 2.341840885e-38
1.178972363 3.896914721 0.9886475801 0.4919567704 -0.8705641031 -0.009836863726 2.341840885e-38
1.105175138 3.930866718 0.9868549109 -0.9982180595 -0.03716056794 -0.04669060558 2.341840885e-38
1.181265831 3.898567438 0.9942876101 0.4857536256 -0.8739482164 0.01606229693 2.341840885e-38
1.176298141 3.894846916 0.9965964556 0.6811805367 -0.7315232158 0.02944639698 2.341840885e-38
1.105065227 3.929882288 0.9941140413 -0.9974097013 0.07141835243 -0.008571624756 2.341840885e-38
1.17673862 3.895483494 1.000804782 0.6790325046 -0.7313035131 0.06411097944 2.341840885e-38
1.104708791 3.931947947 0.9996619225 -0.9901530147 0.1280210316 -0.0566373989 2.341840885e-38
1.180347085 3.897890329 1.005764723 0.4182024598 -0.9081834555 -0.01759806462 2.341840885e-38
1.177339554 3.896099091 1.005102158 0.5841517448 -0.8113362193 -0.02237065695 2.341840885e-38
1.105014086 3.931741953 1.005533814 -0.9984189868 0.02492309548 0.05038220435 2.341840885e-38
1.178628564 3.89684701 1.011632562 0.5841517448 -0.8113362193 -0.02237065695 2.341840885e-38
1.104716301 3.932775736 1.011463523 -0.991061151 0.04312360659 -0.1262466162 2.341840885e-38
1.177759171 3.895993948 1.020291805 0.578810215 -0.8152318597 -0.01938595809 2.341840885e-38
1.104214311 3.931311607 1.01857233 -0.9991933703 -0.03358120471 -0.02202334814 2.341840885e-38
1.17632556 3.894916534 1.022892833 0.582292676 -0.8129734993 -0.003069815459 2.341840885e-38
1.104432106 3.930482626 1.024525881 -0.9635351896 0.2661016285 0.02810479142 2.341840885e-38
1.180425763 3.897084951 1.028776526 0.4222648144 -0.9050478935 -0.05080199614 2.341840885e-38
1.104549289 3.928416729 1.0330621 -0.9988819361 0.02901689149 -0.03732470796 2.341840885e-38
1.176442027 3.895093918 1.03849268 0.485407263 -0.8740102053 0.02204831317 2.341840885e-38
1.104655504 3.930650234 1.034787774 -0.9975396395 0.06570763141 0.02443861775 2.341840885e-38
1.180545688 3.897426605 1.040503144 0.4528973401 -0.8901367188 0.05040536076 2.341840885e-38
1.104650617 3.931515455 1.04310894 -0.9858982563 0.1472014636 -0.07960177213 2.341840885e-38
1.179089189 3.897134781 1.047820449 0.5610926151 -0.8247166872 0.07083567977 2.341840885e-38
1.104574323 3.931949139 1.046353817 -0.9765769839 0.2130689919 -0.02998459712 2.341840885e-38
1.177895308 3.896937132 1.053667784 0.5372464061 -0.8389756083 0.08652387559 2.341840885e-38
1.104456067 3.931837559 1.054470778 -0.9766315222 0.2139222324 0.02069314942 2.341840885e-38
1.176337481 3.898191214 1.060038567 0.3994526267 -0.8490545154 0.3457514346 2.341840885e-38
1.171463609 3.896952868 1.063547611 0.5099838972 -0.8149283528 0.2753330767 2.341840885e-38
1.105331898 3.931066036 1.066946626 -0.9817686677 0.09254538268 0.1660295129 2.341840885e-38
1.106106877 3.928283453 1.074846745 -0.985930562 0.1299243867 0.105169788 2.341840885e-38
1.17168951 3.899863005 1.076629162 0.7083697915 -0.7021706104 0.07189446688 2.341840885e-38
1.172577739 3.900348186 1.082927585 0.4753488302 -0.8771329522 -0.06842055172 2.341840885e-38
1.106594443 3.931331158 1.08388865 -0.9905971885 -0.05521043763 -0.1251763403 2.341840885e-38
1.1063025 3.929072857 1.09344089 -0.9994395375 -0.006866591051 0.0327661857 2.341840885e-38
1.172773838 3.899648428 1.095335364 0.4795034528 -0.877191186 -0.02473989129 2.341840885e-38
1.106164217 3.928855419 1.099643707 -0.9987115264 0.03568839282 -0.03608059138 2.341840885e-38
1.174400926 3.900404453 1.104720592 0.3883403242 -0.9203926921 -0.04548850656 2.341840885e-38
1.171133757 3.89785552 1.1091609 0.6272270679 -0.7773993611 -0.04729212821 2.341840885e-38
1.105566263 3.930359602 1.107722044 -0.9774778485 0.1413651556 -0.1566940695 2.341840885e-38
1.170934319 3.897919893 1.114924788 0.6323079467 -0.7714446187 0.07113379985 2.341840885e-38
1.105847597 3.932373524 1.115086436 -0.8658692241 0.4528351426 0.2126287222 2.341840885e-38
1.105863571 3.931062937 1.118089318 -0.9598193765 -0.2081254721 0.1882304847 2.341840885e-38
1.170756459 3.899868011 1.126505017 0.6829271317 -0.6981130838 0.2150553465 2.341840885e-38
1.108182311 3.928792 1.127221227 -0.9549604654 0.1078054309 0.2764571905 2.341840885e-38
1.108030677 3.93154645 1.123722672 -0.8371487856 0.4643295109 0.2891023159 2.341840885e-38
1.170176268 3.901688814 1.133587122 0.3423586786 -0.9045569301 0.2541011274 2.341840885e-38
1.112725854 3.923906088 1.140825272 -0.8083764911 0.1998980343 0.5536860824 2.341840885e-38
1.111456037 3.927121878 1.137124658 -0.7864647508 0.251861155 0.5639498234 2.341840885e-38
1.170531392 3.902636766 1.142248511 0.4125044942 -0.8456887007 0.3386011422 2.341840885e-38
1.165993094 3.900510073 1.142335653 0.5126865506 -0.8561753035 0.06415936351 2.341840885e-38
1.115036249 3.926736116 1.1431247 -0.8266210556 0.2894524932 0.4826126695 2.341840885e-38
1.166472912 3.902845144 1.148352385 0.4926067591 -0.8178495765 0.2974235713 2.341840885e-38
1.117435813 3.928297043 1.1531986 -0.905697763 0.06324933469 0.4191791415 2.341840885e-38
1.163640022 3.904788733 1.154545665 0.2959134579 -0.8262482285 0.479321599 2.341840885e-38
1.160091043 3.906107903 1.158558726 0.2904776335 -0.7424072027 0.6037006378 2.341840885e-38
1.118881583 3.923629284 1.156727672 -0.9142071605 -0.0273348093 0.4043244123 2.341840885e-38
1.158905506 3.907158136 1.163418174 0.07707041502 -0.9723950624 0.2202456295 2.341840885e-38
1.156384826 3.90688467 1.164469719 0.3429457247 -0.8850045204 0.3148894906 2.341840885e-38
1.122266889 3.922812223 1.163637757 -0.8646299839 -0.2393425107 0.4417354167 2.341840885e-38
1.155738831 3.907687902 1.167196631 0.01024553645 -0.9928659201 0.1187954694 2.341840885e-38
1.126123667 3.920107603 1.169852614 -0.8466084599 -0.3058847487 0.4355326593 2.341840885e-38
1.124591708 3.921233177 1.166775703 -0.8930464983 -0.15258798 0.423302263 2.341840885e-38
1.15141046 3.910047293 1.175677657 -0.0004603880516 -0.9649848342 0.2623052001 2.341840885e-38
1.13053906 3.917111158 1.175683141 -0.7521206141 -0.3584377766 0.5530253649 2.341840885e-38
1.127332807 3.922283888 1.174361348 -0.9200641513 -0.2675177753 0.2862102687 2.341840885e-38
1.149995923 3.912414312 1.182465553 -0.03284905106 -0.9313570261 0.3626226485 2.341840885e-38
1.145786524 3.911458731 1.179192781 -0.08407469839 -0.9239201546 0.3732332289 2.341840885e-38
1.138096213 3.914682388 1.181453705 -0.4725260735 -0.6162673831 0.6300265789 2.341840885e-38
1.133590698 3.919310093 1.181467175 -0.6698272228 -0.6222201586 0.4051833451 2.341840885e-38
1.130694509 3.921282291 1.180949211 -0.5664125085 -0.8063049912 0.17043823 2.341840885e-38
1.143457651 3.913199186 1.186142325 0.05433622003 -0.9982674122 0.02257988788 2.341840885e-38
1.139807224 3.91501689 1.186713815 -0.7407595515 -0.6715952158 0.0153365666 2.341840885e-38
1.141241074 3.916635036 1.189839602 -0.7402980328 0.590524137 0.3213101625 2.341840885e-38
1.181618929 3.90269351 0.922322154 0.7359240651 -0.2127933353 0.6427555084 2.341840885e-38
1.113344669 3.933959961 0.9218165278 -0.8934488893 0.3865534365 -0.2287482321 2.341840885e-38
1.178495049 3.903520107 0.9295551181 0.9303745031 -0.3405263722 -0.1358134449 2.341840885e-38
1.112107396 3.933901787 0.9263640642 -0.871923089 0.3889238238 -0.2974699438 2.341840885e-38
1.178969741 3.902349472 0.9350079298 0.9058533907 -0.3888837695 -0.1679257452 2.341840885e-38
1.11066401 3.93507123 0.9342444539 -0.9324916005 0.3262342811 -0.1550190747 2.341840885e-38
1.180759907 3.904060602 0.9394884109 0.8852980137 -0.4275242686 -0.1829497665 2.341840885e-38
1.181054235 3.902754784 0.9453726411 0.9443761706 -0.3031128943 -0.1275789142 2.341840885e-38
1.180539131 3.900540829 0.9517086148 0.7279999852 -0.6726918817 -0.1322946995 2.341840885e-38
1.182689905 3.902865648 0.9574794173 0.7513570786 -0.6593968272 0.02566100657 2.341840885e-38
1.108873487 3.935796022 0.9569834471 -0.9705931544 0.2142959982 -0.1096641049 2.341840885e-38
1.180174828 3.899547338 0.9665229321 0.5533864498 -0.7968743443 -0.2423941046 2.341840885e-38
1.108067513 3.936353683 0.9642764926 -0.9696279168 0.1949578971 -0.147693038 2.341840885e-38
1.107148647 3.935307026 0.9697002172 -0.9791892171 0.1966492087 -0.05017639697 2.341840885e-38
1.183211684 3.90252161 0.9770250916 0.687509656 -0.7245292664 -0.04886537045 2.341840885e-38
1.107003331 3.938924074 0.97680825 -0.9601251483 0.2683298588 -0.07847903669 2.341840885e-38
1.106331825 3.936591387 0.9817478061 -0.9922907352 0.06394383311 -0.1061618999 2.341840885e-38
1.186924815 3.901774406 0.9899432063 0.4692847729 -0.8770326972 -0.1028861254 2.341840885e-38
1.186341166 3.901616335 0.9885014892 0.5452250838 -0.825368464 -0.1466174275 2.341840885e-38
1.183473825 3.899790049 0.9940505624 0.4857536256 -0.8739482164 0.01606229693 2.341840885e-38
1.105621696 3.935760021 0.995993197 -0.9622766972 0.2716260552 -0.01558635384 2.341840885e-38
1.18238914 3.898967505 1.001960397 0.4799451828 -0.8689867258 -0.1204773188 2.341840885e-38
1.106139779 3.937951803 1.002194285 -0.9622766972 0.2716260552 -0.01558635384 2.341840885e-38
1.187573314 3.901225805 1.007521152 0.7392305732 -0.6734056473 0.007945895195 2.341840885e-38
1.105625153 3.936083794 1.007265329 -0.9748634696 0.2214208543 -0.02478274889 2.341840885e-38
1.187089443 3.900928736 1.009180427 0.4182024598 -0.9081834555 -0.01759806462 2.341840885e-38
1.105597615 3.936556339 1.011008024 -0.9336799979 0.3515305519 0.06832359731 2.341840885e-38
1.187566876 3.90079236 1.018530846 0.4552039504 -0.8893777132 -0.04238823056 2.341840885e-38
1.186711788 3.899908543 1.025707006 0.5424752235 -0.8377512693 -0.0623979941 2.341840885e-38
1.106041789 3.936522961 1.022390485 -0.95195961 0.3017491698 -0.05215779319 2.341840885e-38
1.187375069 3.900202036 1.029576778 0.6255947351 -0.7801386118 -0.003887735773 2.341840885e-38
1.184524298 3.898710251 1.027269483 0.3646666408 -0.9279772043 -0.07665918767 2.341840885e-38
1.106281281 3.937175274 1.029830813 -0.9512640834 0.3079129457 0.01692661084 2.341840885e-38
1.188401341 3.901008844 1.035514355 0.8850738406 -0.4640546143 -0.03602447733 2.341840885e-38
1.183388591 3.898096323 1.035627842 0.3204025626 -0.9471647739 0.01487324201 2.341840885e-38
1.106026292 3.936641216 1.037147045 -0.9665475488 0.2562685311 0.0105978176 2.341840885e-38
1.187273741 3.900580883 1.042850137 0.5829027891 -0.8006263375 0.138643533 2.341840885e-38
1.187316298 3.901685476 1.048286557 0.5851765871 -0.7746926546 0.2396242023 2.341840885e-38
1.186288118 3.900586843 1.046304226 0.3734032512 -0.8917658329 0.2555851936 2.341840885e-38
1.105442882 3.935275555 1.046535254 -0.9478932619 0.3183420002 0.01252434961 2.341840885e-38
1.184414625 3.902266502 1.05310297 0.4084132314 -0.834523201 0.3698239625 2.341840885e-38
1.183444619 3.903847694 1.060868859 0.5737141967 -0.7906370163 0.2138813734 2.341840885e-38
1.179618359 3.901056528 1.062171102 0.6058347821 -0.7431520224 0.2840586901 2.341840885e-38
1.106197476 3.936125994 1.061456561 -0.9344447851 0.3529943526 0.04699003696 2.341840885e-38
1.17955935 3.902308226 1.066505551 0.4653008878 -0.8571313024 0.2209548503 2.341840885e-38
1.179625154 3.903057814 1.071794868 0.4357303083 -0.8956375718 0.0892894417 2.341840885e-38
1.106855989 3.936634779 1.071307302 -0.9721401334 0.2314856946 0.03685152158 2.341840885e-38
1.178064704 3.902546883 1.078192472 0.4252089858 -0.9045085907 0.03258120269 2.341840885e-38
1.179378986 3.902907848 1.082387686 0.4120540023 -0.9080397487 -0.07533570379 2.341840885e-38
1.107373953 3.937093019 1.083096981 -0.92728585 0.3707217276 0.05202446878 2.341840885e-38
1.179731965 3.902209997 1.090792298 0.5330730677 -0.8438458443 -0.06129848585 2.341840885e-38
1.107913852 3.937153339 1.091707468 -0.9487142563 0.3147750497 0.02929271199 2.341840885e-38
1.181640744 3.903543949 1.094674468 0.5328893661 -0.8433157206 0.06962473691 2.341840885e-38
1.107638955 3.935587168 1.096019506 -0.9533288479 0.2997149527 0.03653972223 2.341840885e-38
1.180275202 3.903588772 1.101041675 0.5601332188 -0.8217235208 0.1049828827 2.341840885e-38
1.107001901 3.933552504 1.104728699 -0.9256452918 0.357852459 -0.1229741275 2.341840885e-38
1.180266976 3.903082848 1.107448578 0.5287370086 -0.8456205726 -0.07323368639 2.341840885e-38
1.107645035 3.93659091 1.109264612 -0.8942059278 0.423864156 -0.1439968199 2.341840885e-38
1.178193569 3.902322292 1.114368558 0.4879235327 -0.8651324511 0.1160885915 2.341840885e-38
1.181028247 3.904493809 1.118593097 0.4752186239 -0.707496047 0.5230838656 2.341840885e-38
1.108937502 3.936276436 1.118820429 -0.8318836689 0.4905178845 0.2595416605 2.341840885e-38
1.177668691 3.905639172 1.124398947 0.4651964307 -0.7722081542 0.4327665865 2.341840885e-38
1.17666328 3.905839682 1.126275063 0.7508891225 -0.6444997191 0.144172892 2.341840885e-38
1.113772273 3.935854197 1.129082799 -0.3919121921 0.806871891 0.4419984221 2.341840885e-38
1.110100746 3.934152126 1.124899507 -0.7638412118 0.5285466909 0.3703852296 2.341840885e-38
1.174400687 3.904569149 1.130937099 0.6399465799 -0.7383365631 0.2129027247 2.341840885e-38
1.112179399 3.933106184 1.130840778 -0.6635295153 0.6174330711 0.422498554 2.341840885e-38
1.174038529 3.905239105 1.137964249 0.6912231445 -0.7224895358 0.01481516846 2.341840885e-38
1.117475867 3.933233023 1.138070226 -0.7671406865 0.544639051 0.3389153779 2.341840885e-38
1.115027308 3.930827379 1.137541771 -0.6375216246 0.63035357 0.4429681003 2.341840885e-38
1.17500031 3.907092094 1.143323541 0.6507538557 -0.6076310873 0.455306381 2.341840885e-38
1.169634819 3.905296564 1.145949244 0.425898701 -0.7020911574 0.5706823468 2.341840885e-38
1.117615223 3.92969656 1.144789577 -0.8040283918 0.5703259706 0.1681276411 2.341840885e-38
1.169404149 3.907696247 1.150407553 0.7672849298 -0.5701418519 0.2936189473 2.341840885e-38
1.117937088 3.930943966 1.148309469 -0.9365990758 0.06558713317 -0.3442102075 2.341840885e-38
1.165605664 3.907579184 1.157335401 0.4928875864 -0.7240457535 0.4825139642 2.341840885e-38
1.119483471 3.930678606 1.158074498 -0.9431282282 -0.01411256008 0.3321296573 2.341840885e-38
1.166470766 3.908942223 1.161969066 0.6966278553 -0.7107666135 0.09757300466 2.341840885e-38
1.163627982 3.907467604 1.162958503 0.1194326356 -0.9743466973 0.1907471418 2.341840885e-38
1.120467305 3.931373119 1.161460519 -0.9680520296 -0.01591156796 0.2502445281 2.341840885e-38
1.1624192 3.908479452 1.167096138 0.07451765239 -0.6566473246 0.7505075336 2.341840885e-38
1.121983886 3.930622578 1.167139769 -0.9500226378 -0.02182780765 0.3114169836 2.341840885e-38
1.162658811 3.91052556 1.171413302 0.3189324141 -0.9370781183 0.1420101821 2.341840885e-38
1.124987602 3.929035902 1.173442483 -0.8798305988 -0.2920889854 0.3749428689 2.341840885e-38
1.147930622 3.918422222 1.188234329 0.3483994007 -0.5141282678 0.7837665081 2.341840885e-38
1.139994025 3.91998744 1.187329769 -0.1666268557 -0.8257309198 0.5388914347 2.341840885e-38
1.129068613 3.926133871 1.187764049 -0.9933980107 -0.03645177186 0.1087742671 2.341840885e-38
1.133923292 3.92151618 1.190480471 -0.4894313812 -0.8363649249 0.2468819618 2.341840885e-38
1.116342187 3.93971467 0.9222233891 -0.6917567253 0.5915412307 -0.4141880274 2.341840885e-38
1.179917336 3.908779621 0.9275308251 0.9656993747 -0.08313604444 0.24599424 2.341840885e-38
1.113133788 3.937091351 0.9269224405 -0.8531163335 0.4710111916 -0.2243679911 2.341840885e-38
1.18059361 3.906637192 0.9354560971 0.9828675985 -0.03031445108 -0.1818033755 2.341840885e-38
1.113277435 3.940906525 0.9358424544 -0.8158428669 0.5658298135 -0.1193198785 2.341840885e-38
1.182129741 3.911589384 0.9414289594 0.9731840491 -0.03081255034 -0.2279548049 2.341840885e-38
1.182579994 3.907981157 0.945684135 0.9965535998 0.01711022481 -0.08116777986 2.341840885e-38
1.111695647 3.940102816 0.9474904537 -0.8172335625 0.5737478733 -0.05424793065 2.341840885e-38
1.183616877 3.908702612 0.9575904012 0.9949322343 0.01775540598 -0.09896750748 2.341840885e-38
1.111220241 3.940928936 0.9588816166 -0.7961366177 0.5933043957 -0.1189812347 2.341840885e-38
1.18488574 3.906570435 0.9642856717 0.9871011972 0.004830424674 -0.1600249559 2.341840885e-38
1.109004021 3.939882755 0.9669247866 -0.7801103592 0.614176631 -0.1192265078 2.341840885e-38
1.184847355 3.905269384 0.9702830911 0.9706594944 0.09230292588 0.2220369279 2.341840885e-38
1.108188748 3.941165686 0.9777929783 -0.8622290492 0.5043981671 -0.04629862309 2.341840885e-38
1.185566425 3.908365965 0.9813505411 0.9888029099 0.05905957147 -0.1370428652 2.341840885e-38
1.109883189 3.944118023 0.9819124937 -0.844291091 0.5358820558 -0.001737703918 2.341840885e-38
1.18629384 3.907114506 0.9888911247 0.9391661882 0.2831431925 -0.1944141537 2.341840885e-38
1.108712077 3.942017555 0.990707159 -0.8439586163 0.5363939404 0.003941302188 2.341840885e-38
1.186983347 3.904466152 0.9949651361 0.9788481593 0.2042757273 -0.01130652335 2.341840885e-38
1.109024763 3.942326069 0.9933165312 -0.8199676275 0.5724034905 -0.002724584891 2.341840885e-38
1.185985684 3.908465624 0.9985072017 0.9706745148 0.239313975 0.02280326188 2.341840885e-38
1.110082388 3.943741322 1.001221776 -0.7351456881 0.677855432 0.008540866897 2.341840885e-38
1.187422156 3.9044981 1.005218625 0.9667691588 0.2217363268 -0.1272420138 2.341840885e-38
1.107919216 3.941178799 1.004386663 -0.7789689898 0.6270342469 -0.005960665178 2.341840885e-38
1.187637568 3.906333447 1.014030337 0.9533360004 0.294428587 -0.06680142879 2.341840885e-38
1.109865904 3.943655491 1.014002204 -0.7967218161 0.6022703052 -0.0500500612 2.341840885e-38
1.188349009 3.904542208 1.01695919 0.9939911366 0.09548788518 -0.05351384357 2.341840885e-38
1.187327266 3.907567739 1.015474319 0.9405632019 0.3393867314 -0.01255223528 2.341840885e-38
1.108890414 3.942208767 1.018159151 -0.8317064047 0.5544523597 0.02910685726 2.341840885e-38
1.188721418 3.904041052 1.023727417 0.9964668155 0.07858336717 -0.02964123711 2.341840885e-38
1.187588573 3.907866478 1.023524404 0.9159333706 0.3926167488 -0.08317612857 2.341840885e-38
1.107813239 3.940822124 1.025493741 -0.844415307 0.5356854796 0.001994311344 2.341840885e-38
1.109009147 3.942573071 1.03207469 -0.8558456898 0.5171864629 -0.006817783229 2.341840885e-38
1.189382792 3.905959129 1.036487222 0.9960762262 -0.05998055264 -0.06507383287 2.341840885e-38
1.189029574 3.90780282 1.037508845 0.8672077656 0.4812209308 -0.127973482 2.341840885e-38
1.110321641 3.944360018 1.039419174 -0.8295920491 0.5571324229 0.03715597093 2.341840885e-38
1.18907547 3.904313564 1.043039083 0.9806387424 -0.1831401139 0.06933578104 2.341840885e-38
1.108166933 3.941065311 1.041151166 -0.8360800743 0.5478454232 -0.02890868485 2.341840885e-38
1.1883533 3.903929949 1.048469305 0.9183900952 -0.291374743 0.2676949799 2.341840885e-38
1.188794494 3.905195951 1.048266649 0.8532907963 -0.1530978233 0.4984537065 2.341840885e-38
1.107957125 3.941002131 1.046344042 -0.8584248424 0.5129361153 -0.001866161707 2.341840885e-38
1.187511444 3.904497147 1.053549767 0.7898254991 -0.6115014553 0.04734620079 2.341840885e-38
1.107805133 3.94077301 1.053336143 -0.8584248424 0.5129361153 -0.001866161707 2.341840885e-38
1.186679482 3.904823065 1.057065845 0.446863234 -0.8660126925 0.2243556678 2.341840885e-38
1.108769774 3.942355394 1.060777187 -0.9051570892 0.4212681949 0.05677877367 2.341840885e-38
1.186162353 3.906574488 1.06477201 0.5963457227 -0.7731877565 0.215760693 2.341840885e-38
1.18505168 3.907522678 1.071986198 0.7166256309 -0.6974560618 0.001695353538 2.341840885e-38
1.108584285 3.940703154 1.074983716 -0.9070777297 0.4208889902 0.007908479311 2.341840885e-38
1.11053443 3.944424391 1.07917583 -0.8986371756 0.437233299 0.0357542485 2.341840885e-38
1.184747577 3.907531738 1.082867384 0.791282773 -0.6083456278 -0.06154182181 2.341840885e-38
1.109511733 3.941063881 1.087554336 -0.8551902771 0.5037847161 0.1218635216 2.341840885e-38
1.185876846 3.909285545 1.088135362 0.8691405654 -0.4938478172 0.02662996389 2.341840885e-38
1.111138105 3.943658352 1.088762164 -0.8648070693 0.5013713837 0.02712283097 2.341840885e-38
1.186515927 3.908752918 1.097396135 0.7263504863 -0.6768798232 0.1193684936 2.341840885e-38
1.109502077 3.94026804 1.096627712 -0.865604341 0.4982482493 0.04977895319 2.341840885e-38
1.184670091 3.907699823 1.103775859 0.7215824723 -0.6860667467 -0.09290513396 2.341840885e-38
1.109826922 3.939980268 1.102878809 -0.8656597137 0.4953083098 0.07282216102 2.341840885e-38
1.185835958 3.90880394 1.106688023 0.8261743188 -0.5581922531 0.07653525472 2.341840885e-38
1.111042976 3.942372322 1.10932219 -0.8207921386 0.5640183687 -0.09046345204 2.341840885e-38
1.111014724 3.940966606 1.11373651 -0.3613284826 0.8464310169 0.3911474943 2.341840885e-38
1.182293415 3.908101797 1.118746996 0.8563742638 -0.1610435992 0.4905997515 2.341840885e-38
1.112435699 3.937646627 1.122445822 -0.207283631 0.9492042065 0.2367384285 2.341840885e-38
1.112321377 3.938510656 1.120295763 -0.3652048409 0.8536761999 0.3712982237 2.341840885e-38
1.180035353 3.911046743 1.126031399 0.8486340642 -0.5139068961 0.125379324 2.341840885e-38
1.118989468 3.939877033 1.124507427 -0.5405592918 0.785392046 0.3015876114 2.341840885e-38
1.180290103 3.912016869 1.132356048 0.7551550865 -0.6551671624 -0.02228972316 2.341840885e-38
1.120017171 3.93722415 1.134000421 -0.5300969481 0.790928781 0.3056617081 2.341840885e-38
1.118189454 3.93749404 1.129736185 -0.5503038764 0.7989087105 0.242715165 2.341840885e-38
1.179321647 3.910852909 1.135211229 0.7540460825 -0.6538449526 0.06246082857 2.341840885e-38
1.119461179 3.935157299 1.138183713 -0.5897033811 0.7455245256 0.3105533123 2.341840885e-38
1.122638464 3.937177896 1.143620968 -0.7642640471 0.6316254735 -0.130191043 2.341840885e-38
1.1730721 3.910521507 1.15010345 0.3596808612 -0.7604390383 0.5407053232 2.341840885e-38
1.118506193 3.939201117 1.149933577 -0.8521358371 0.108072497 -0.5120400786 2.341840885e-38
1.173439026 3.913845778 1.155496955 0.5649713874 -0.7571643591 0.3278864324 2.341840885e-38
1.119009614 3.935870171 1.158971071 -0.9209253788 -0.2807599008 0.2703153491 2.341840885e-38
1.117947102 3.939550638 1.157682657 -0.990645647 0.001907625236 0.1364465356 2.341840885e-38
1.120852232 3.937638283 1.163396955 -0.8426154852 -0.2585303783 0.4723995626 2.341840885e-38
1.11849165 3.939408064 1.160009265 -0.9011622667 0.0004073695745 0.4334819019 2.341840885e-38
1.170232177 3.914122343 1.167732835 0.6712840796 -0.6337891221 0.3843032122 2.341840885e-38
1.121796489 3.938177586 1.166619062 -0.9676413536 0.002325285226 0.2523190975 2.341840885e-38
1.125129104 3.932956457 1.176254988 -0.5504326224 -0.4687665105 0.6908558607 2.341840885e-38
1.123522282 3.93510747 1.173870683 -0.9803769588 -0.1693635434 -0.1008816436 2.341840885e-38
1.128031015 3.933049917 1.18128264 -0.9102560282 0.1345693469 0.3915676773 2.341840885e-38
1.183218598 3.916928291 0.9227430224 0.9171823859 -0.270172298 0.2928882241 2.341840885e-38
1.118888736 3.943073034 0.9232161641 -0.491753161 0.7891581655 -0.3679787517 2.341840885e-38
1.180983782 3.915075302 0.9277362823 0.974367857 -0.1847340763 0.1283767372 2.341840885e-38
1.120143414 3.945871592 0.9277929068 -0.5456345081 0.7959135175 -0.2623066604 2.341840885e-38
1.182032108 3.915788651 0.9406855106 0.9738617539 -0.00856487453 -0.2269802094 2.341840885e-38
1.115821123 3.945015907 0.9421371222 -0.7711362243 0.6323541403 -0.07400997728 2.341840885e-38
1.1827811 3.916294098 0.9446680546 0.9997622967 -0.01744191721 0.01308350358 2.341840885e-38
1.115439773 3.945174217 0.9476534128 -0.7098742723 0.7028891444 -0.04500592873 2.341840885e-38
1.18280673 3.917168379 0.9496728778 0.9974159598 -0.06227575615 -0.03582145646 2.341840885e-38
1.183587551 3.915376663 0.9563948512 0.9780008197 0.01452083793 -0.2080955207 2.341840885e-38
1.184654832 3.913048744 0.9650985003 0.9984114766 -0.006353896577 -0.05598407984 2.341840885e-38
1.115027666 3.946430445 0.9637557864 -0.6777153611 0.7273757458 -0.1078269333 2.341840885e-38
1.184927702 3.912022829 0.9720075727 0.986707449 -0.1588031948 -0.0344976671 2.341840885e-38
1.184984446 3.913279772 0.9701977372 0.995251894 -0.09128417075 -0.03377903998 2.341840885e-38
1.111308336 3.944756031 0.972669065 -0.7634987235 0.6006811261 -0.237174958 2.341840885e-38
1.112920046 3.94711113 0.9832190275 -0.5411644578 0.8401324153 0.03631453216 2.341840885e-38
1.185470343 3.911701441 0.9901927114 0.9866408706 0.1519701034 -0.05869444832 2.341840885e-38
1.11078918 3.945469141 0.9859750867 -0.7736433148 0.6280641556 0.08373548836 2.341840885e-38
1.18491137 3.915719032 0.9941580892 0.9970494509 0.06695794314 -0.03753752261 2.341840885e-38
1.185404778 3.91440177 1.002143741 0.9993257523 -0.00190760172 -0.03666757047 2.341840885e-38
1.113824964 3.947032452 0.9995951653 -0.5638003349 0.8252099752 0.034025345 2.341840885e-38
1.185686946 3.910790443 1.005703211 0.9536888003 0.2936862409 -0.06500847638 2.341840885e-38
1.113709331 3.947097301 1.008669496 -0.6013290286 0.7961316109 -0.06766144186 2.341840885e-38
1.186163664 3.915164709 1.0165236 0.9952989221 -0.09424395859 -0.02232070267 2.341840885e-38
1.185980916 3.915960073 1.025168538 0.9806368351 0.1900309622 0.04732415453 2.341840885e-38
1.110967755 3.945557117 1.028367162 -0.7927238345 0.6071456671 -0.05443546176 2.341840885e-38
1.187213659 3.911421776 1.037194729 0.9185631871 0.3919751644 -0.05096310377 2.341840885e-38
1.110755324 3.94509697 1.038151741 -0.8665767312 0.4983769655 0.02579466067 2.341840885e-38
1.18734014 3.911608934 1.039636135 0.8817431331 0.4131410718 -0.2276917845 2.341840885e-38
1.184964657 3.916744709 1.04002142 0.9601106644 0.273737967 -0.05705267191 2.341840885e-38
1.110729337 3.945410967 1.045511365 -0.8346765041 0.5477102399 -0.05769643933 2.341840885e-38
1.190975189 3.909819365 1.049402714 0.9777047038 0.07525521517 -0.1960365474 2.341840885e-38
1.189232945 3.911427498 1.047748685 0.911714077 0.2424366772 -0.3316654563 2.341840885e-38
1.110310316 3.944969893 1.049762845 -0.8748921156 0.483027935 -0.03532556444 2.341840885e-38
1.19129014 3.909692764 1.054490328 0.9038190842 -0.4154978693 -0.102336064 2.341840885e-38
1.191250443 3.910762072 1.051521182 0.8674858212 0.4027819335 -0.2919506431 2.341840885e-38
1.191316009 3.909125566 1.06018424 0.8346289992 -0.5414553285 0.101096876 2.341840885e-38
1.190117121 3.914005518 1.061001778 0.8439899087 0.5321409702 0.06713414192 2.341840885e-38
1.110202551 3.945074081 1.063198328 -0.9077214599 0.4176463187 0.04016808048 2.341840885e-38
1.191129446 3.909251213 1.063519955 0.8044759035 -0.4914933741 0.3335457742 2.341840885e-38
1.189471006 3.91192174 1.066200733 0.8049275875 -0.3258913457 0.4958693683 2.341840885e-38
1.18839848 3.911850214 1.071232677 0.9624463916 0.0118304966 0.2712141275 2.341840885e-38
1.187140465 3.910773754 1.077779293 0.7871057391 -0.6045330763 0.1224927381 2.341840885e-38
1.185713887 3.916297197 1.076782107 0.7445269227 0.4280469716 0.5123041272 2.341840885e-38
1.187162995 3.91032362 1.090217471 0.774113059 -0.5993289351 -0.2038477063 2.341840885e-38
1.187895894 3.91270566 1.098107219 0.9875889421 0.1146383509 0.1073607281 2.341840885e-38
1.187306046 3.911316395 1.103626132 0.8767766356 0.4786726534 0.04620998725 2.341840885e-38
1.185216904 3.915686607 1.104436994 0.946039319 0.3101968765 -0.09374266863 2.341840885e-38
1.185737014 3.914866686 1.107484579 0.9635117054 0.2526237965 -0.08846707642 2.341840885e-38
1.118178129 3.943970442 1.113902926 -0.3810485005 0.8531160355 0.3563636243 2.341840885e-38
1.18279171 3.913376093 1.119460702 0.8880844116 0.06516239047 0.4550383091 2.341840885e-38
1.117416263 3.941823483 1.118167281 -0.5681636333 0.5094408989 0.6462663412 2.341840885e-38
1.122634411 3.941292048 1.127679467 -0.5691592097 0.7772912979 0.2680973411 2.341840885e-38
1.181732178 3.913960457 1.131316304 0.9696704745 -0.2433395237 -0.0229144115 2.341840885e-38
1.180241346 3.915803909 1.137765765 0.9691479206 -0.1881104708 0.1592696458 2.341840885e-38
1.125956416 3.942361116 1.138947248 -0.8737944961 0.4703142345 0.1236443892 2.341840885e-38
1.178951502 3.919006348 1.144895554 0.9596114755 0.2718067467 0.07257349044 2.341840885e-38
1.126577854 3.941717148 1.143107653 -0.7091058493 0.655636251 -0.2594418824 2.341840885e-38
1.177491784 3.919581652 1.15241611 0.8693171144 0.2332942337 0.435731113 2.341840885e-38
1.120565653 3.942392349 1.148353696 -0.5571008325 -0.04406083748 -0.8292751908 2.341840885e-38
1.175542593 3.916501522 1.157891273 0.893229425 0.1439956576 0.4259184301 2.341840885e-38
1.17597878 3.919809103 1.157274127 0.9586503506 -0.2780438662 -0.06067413837 2.341840885e-38
1.118385196 3.943790674 1.156151295 -0.9644047022 0.2286383957 0.1328464448 2.341840885e-38
1.173364758 3.915992975 1.163073182 0.6753380299 -0.717051208 0.1725003123 2.341840885e-38
1.120571733 3.94522357 1.161323786 -0.7870528102 0.3988548815 0.47059834 2.341840885e-38
1.174341559 3.920039892 1.166441798 0.9454939365 -0.167461887 0.2792811692 2.341840885e-38
1.122714877 3.94184351 1.168782234 -0.916677773 0.3052318692 0.2579449117 2.341840885e-38
1.126271844 3.942731619 1.176900864 -0.6207588911 0.4647001624 0.6314367652 2.341840885e-38
1.167374611 3.922281027 1.17726481 0.8643680811 -0.240067482 0.4418546855 2.341840885e-38
1.129394531 3.938557863 1.18114543 -0.6171636581 0.3982636034 0.6785979271 2.341840885e-38
1.185135126 3.920100212 0.9207571149 0.7641486526 -0.2429584712 0.5975350738 2.341840885e-38
1.125006199 3.948557138 0.9216008782 -0.6081187129 0.7934677005 -0.02450917102 2.341840885e-38
1.18241322 3.92056179 0.9271766543 0.9854997993 0.01941571757 0.1685622782 2.341840885e-38
1.182440162 3.921817064 0.9337436557 0.9789229035 -0.1988038421 -0.04676657915 2.341840885e-38
1.122827411 3.949081659 0.9322148561 -0.5474277139 0.8006970882 -0.2433253527 2.341840885e-38
1.182671309 3.92099309 0.9420880675 0.9789229035 -0.1988038421 -0.04676657915 2.341840885e-38
1.1823107 3.923168898 0.9376996756 0.9749808311 0.2201358825 -0.03086488694 2.341840885e-38
1.120155454 3.948904276 0.9391397238 -0.4996129274 0.8602744937 -0.1015623435 2.341840885e-38
1.123230815 3.951690197 0.9449746013 -0.5504953861 0.8329239488 -0.05650440231 2.341840885e-38
1.183073759 3.921672344 0.9517897964 0.9860033393 0.1338364482 -0.09942498058 2.341840885e-38
1.1200037 3.949980736 0.9521420002 -0.5187100768 0.8532138467 -0.05446149036 2.341840885e-38
1.184353709 3.920232058 0.9605859518 0.9671792984 0.2475519329 -0.05729101971 2.341840885e-38
1.119495869 3.95002389 0.9595413208 -0.7171884179 0.6964221597 -0.02524099872 2.341840885e-38
1.184221268 3.921900272 0.9631980062 0.9592692256 0.2671987414 -0.09169255197 2.341840885e-38
1.119347215 3.950431585 0.9648465514 -0.6555056572 0.7518618107 -0.07082543522 2.341840885e-38
1.185052037 3.920151711 0.9693331122 0.9873017073 0.1166356504 -0.1078492254 2.341840885e-38
1.118328571 3.950116396 0.971283257 -0.585229218 0.8013507128 -0.1238708645 2.341840885e-38
1.185753226 3.918388367 0.9759771824 0.9970632195 -0.05365433916 0.0546445325 2.341840885e-38
1.118962049 3.951148987 0.9811965227 -0.5630356073 0.8238164783 -0.06570731103 2.341840885e-38
1.184308767 3.919321775 0.9875606298 0.9902317524 0.1387567073 0.01370341051 2.341840885e-38
1.116696239 3.949504614 0.9906339049 -0.5941331387 0.8037490845 0.03151972219 2.341840885e-38
1.184310675 3.919440269 0.9914324284 0.9828290343 0.1836652756 0.01772578061 2.341840885e-38
1.184966683 3.91993022 0.9987891316 0.9749882221 0.1914384812 -0.112913534 2.341840885e-38
1.1861099 3.920055151 1.006035686 0.9931358099 0.01926844753 -0.1153692827 2.341840885e-38
1.118246317 3.950412512 1.007564545 -0.6119645238 0.7856816649 -0.09057492018 2.341840885e-38
1.186246037 3.919340849 1.019480705 0.9953846931 -0.02082351036 0.09367956221 2.341840885e-38
1.117566109 3.950825214 1.018165231 -0.6094853282 0.7916409969 0.04280522093 2.341840885e-38
1.185337186 3.920020342 1.026094198 0.974332571 -0.05970092118 0.217052862 2.341840885e-38
1.184501529 3.91973877 1.031625628 0.9969342947 0.05017956719 -0.06003429741 2.341840885e-38
1.184794903 3.920500517 1.038009524 0.9993362427 -0.03418162465 -0.01259759068 2.341840885e-38
1.184718132 3.91964221 1.040159464 0.9946177602 0.07936029881 0.06661498547 2.341840885e-38
1.185581684 3.920377493 1.050339699 0.8786942363 0.3127098382 -0.3607061505 2.341840885e-38
1.189564705 3.916524172 1.056140423 0.8895016909 0.408531785 0.2046671659 2.341840885e-38
1.18721509 3.921538591 1.055316567 0.8907564878 0.433588773 -0.1362119913 2.341840885e-38
1.186868548 3.919308186 1.062166214 0.8925618529 0.394713521 0.2180241793 2.341840885e-38
1.186548114 3.920125723 1.064436078 0.9072861671 0.4117711186 -0.08530154079 2.341840885e-38
1.187103629 3.919728756 1.071914673 0.9341440201 0.2684909999 0.2351328135 2.341840885e-38
1.185315013 3.918079376 1.076542974 0.8860140443 0.2151806653 0.4107024968 2.341840885e-38
1.186781287 3.919229269 1.097626686 0.8568278551 0.3048738837 0.4158100188 2.341840885e-38
1.184339881 3.920246363 1.102584004 0.9131367207 0.1914409399 0.3599053621 2.341840885e-38
1.184144974 3.920883417 1.106893778 0.9999508858 0.000955958094 -0.009871042334 2.341840885e-38
1.184937119 3.920773268 1.112334967 0.9884353876 0.120478332 0.09208982438 2.341840885e-38
1.123443365 3.946551323 1.113674641 -0.4995241165 0.817068696 0.2878793478 2.341840885e-38
1.184944868 3.918348789 1.118098378 0.8204644322 -0.4821899533 -0.307133764 2.341840885e-38
1.124727488 3.945847511 1.118758917 -0.5373449922 0.8064386249 0.2468143106 2.341840885e-38
1.183648825 3.918055773 1.124323845 0.9047290087 -0.2277436107 0.3599976003 2.341840885e-38
1.180941224 3.924878836 1.128781796 0.8840959072 0.34265095 0.3177496493 2.341840885e-38
1.131921649 3.947629213 1.126380682 -0.09360974282 0.9587756991 0.2683029771 2.341840885e-38
1.128745079 3.946290016 1.127078295 -0.6094873548 0.7617689967 0.219620809 2.341840885e-38
1.181420684 3.922439575 1.13018918 0.8650851846 0.3330598474 0.3750983477 2.341840885e-38
1.179077268 3.925616264 1.134212971 0.9773045182 0.179258883 0.1128816381 2.341840885e-38
1.13049984 3.948312759 1.133662581 -0.5137065053 0.8473317027 -0.1346653253 2.341840885e-38
1.128074169 3.946178913 1.132520556 -0.8691158295 0.4675124288 -0.1614620686 2.341840885e-38
1.17881155 3.923775673 1.137320995 0.9615492821 0.1765500903 0.2103644013 2.341840885e-38
1.128786802 3.946684122 1.138036966 -0.651589632 0.696609199 0.3002776206 2.341840885e-38
1.177570581 3.924278498 1.143117905 0.9632059932 0.2380377799 0.1247886047 2.341840885e-38
1.130362988 3.945722818 1.14310205 -0.6322930455 0.7735697627 0.0423720926 2.341840885e-38
1.127487421 3.944468975 1.144750237 -0.507527709 0.4549895227 -0.7317104936 2.341840885e-38
1.125076056 3.950081825 1.147894502 0.09644764662 0.7567697167 -0.6465272903 2.341840885e-38
1.121113062 3.950284481 1.157348394 -0.3224600852 0.9114428163 0.2555224597 2.341840885e-38
1.175530076 3.925752401 1.162009835 0.9878792167 0.09485676885 0.1228696406 2.341840885e-38
1.172386765 3.927481413 1.170972824 0.8558131456 0.1476657391 0.4957607388 2.341840885e-38
1.125763535 3.947851419 1.167831898 -0.7709596753 0.5755826831 0.2726278305 2.341840885e-38
1.169938087 3.927408218 1.174848676 0.8496813774 -0.1141440123 0.5147938132 2.341840885e-38
1.134564161 3.94590354 1.176419616 0.2764873803 0.7161216736 0.6408779621 2.341840885e-38
1.128235936 3.946523905 1.175972104 -0.556628108 0.4855407774 0.6741033792 2.341840885e-38
1.168318629 3.928337812 1.178274393 0.8574512601 -0.1816925257 0.4814199507 2.341840885e-38
1.143993616 3.941725254 1.182228565 -0.1398293674 0.8525888324 0.5035276413 2.341840885e-38
1.137997866 3.941143274 1.181536674 -0.1638328135 0.8148952723 0.5559717417 2.341840885e-38
1.13203454 3.942634583 1.179073215 0.04718708992 0.3053533137 0.951069355 2.341840885e-38
1.185006261 3.929543257 0.9226422906 0.6883414388 0.2507444322 0.6806712151 2.341840885e-38
1.181274056 3.92927289 0.9277645946 0.9162456989 0.2627062798 0.3024554849 2.341840885e-38
1.131438375 3.954504013 0.930849731 -0.347109884 0.9009718299 -0.2603165507 2.341840885e-38
1.180308461 3.930534601 0.9323570728 0.8784703612 0.477011174 0.02738891356 2.341840885e-38
1.128042698 3.95337677 0.9337569475 -0.5626044273 0.7798637152 -0.2743881941 2.341840885e-38
1.181133986 3.92764926 0.9402962923 0.9440201521 0.3200348616 0.08002337068 2.341840885e-38
1.178951979 3.932176352 0.938066721 0.8501861691 0.5214039087 0.07294965535 2.341840885e-38
1.124858499 3.952439547 0.9388637543 -0.5672537088 0.8228533268 -0.03370285407 2.341840885e-38
1.181634665 3.926061153 0.9483219981 0.9646770358 0.2113501281 -0.1572561562 2.341840885e-38
1.1816957 3.928004742 0.9521756172 0.9236007333 0.3604509234 -0.1305256337 2.341840885e-38
1.123844385 3.952456474 0.9516399503 -0.5352435112 0.8441343904 -0.03084892035 2.341840885e-38
1.181610584 3.930055618 0.9579552412 0.8615793586 0.5040181875 -0.06038832664 2.341840885e-38
1.125841379 3.953891039 0.9586241841 -0.4944727123 0.8687651157 -0.02727919817 2.341840885e-38
1.182024717 3.930219173 0.9696551561 0.9283647537 0.370342344 0.03139413148 2.341840885e-38
1.181311846 3.930763483 0.9748967886 0.922005415 0.379586488 0.07629047334 2.341840885e-38
1.182204366 3.929103613 0.9807071686 0.8606715202 0.5088082552 -0.01894195564 2.341840885e-38
1.182196617 3.929286242 0.9920982122 0.93511343 0.3541749716 0.01109133847 2.341840885e-38
1.182781219 3.929802418 1.000763059 0.9059943557 0.3588808179 -0.2244522572 2.341840885e-38
1.184844494 3.927425861 1.01166296 0.9804838896 0.1921120733 0.04176508263 2.341840885e-38
1.18513906 3.925650835 1.016988754 0.9696456194 0.2430965304 0.02629738674 2.341840885e-38
1.183972478 3.928107977 1.022027731 0.9578936696 0.2665285766 0.1067813262 2.341840885e-38
1.183752656 3.925407887 1.027744174 0.9479632974 0.2632463276 0.179072693 2.341840885e-38
1.184693694 3.926977158 1.042111158 0.9940738082 -0.0101272203 0.1082355306 2.341840885e-38
1.183373809 3.930055618 1.055278182 0.9747424722 0.2051189542 0.08833671361 2.341840885e-38
1.183236241 3.928801298 1.06058526 0.9495023489 0.2865387499 0.1278312802 2.341840885e-38
1.183379531 3.928929329 1.064874887 0.9109271169 0.2965141535 -0.2868643999 2.341840885e-38
1.185266137 3.927933931 1.070716858 0.9491738677 0.2796715796 -0.1444050074 2.341840885e-38
1.183655024 3.924855471 1.078949571 0.9895628095 -0.124344863 0.07282844186 2.341840885e-38
1.18522346 3.927953243 1.098340154 0.9961782694 -0.05742985383 0.06580880284 2.341840885e-38
1.184409857 3.926715374 1.109575987 0.9961782694 -0.05742985383 0.06580880284 2.341840885e-38
1.18441987 3.925623894 1.116041303 0.7595187426 0.4970369339 0.4196255505 2.341840885e-38
1.133228779 3.95066762 1.114900231 -0.5024935603 0.864289999 -0.02243092097 2.341840885e-38
1.181316137 3.927245378 1.122764468 0.9231271744 0.3593729138 0.1367018521 2.341840885e-38
1.180053115 3.931494236 1.120278835 0.9244404435 0.3543363214 0.140910387 2.341840885e-38
1.134839535 3.951035261 1.12057054 -0.453329742 0.662338078 0.5964901447 2.341840885e-38
1.138867021 3.94943738 1.125268579 -0.315829128 0.7543016076 0.5755703449 2.341840885e-38
1.134357095 3.947798014 1.128439665 -0.09944569319 0.9714084864 -0.2155833095 2.341840885e-38
1.140617967 3.948571682 1.130365849 -0.4044382572 0.914547205 -0.005755180493 2.341840885e-38
1.133814335 3.948676348 1.134046555 -0.2082350999 0.97492522 -0.07847944647 2.341840885e-38
1.176847577 3.931886196 1.138727188 0.9117125273 0.3218770325 0.2552949488 2.341840885e-38
1.141054153 3.94950819 1.139585972 -0.5189976692 0.8388230801 -0.1643700004 2.341840885e-38
1.133877158 3.948680162 1.139186621 -0.1326809078 0.9895772934 0.0559698604 2.341840885e-38
1.174639702 3.93386507 1.14573133 0.8698944449 0.4866023958 0.08063388616 2.341840885e-38
1.140573144 3.949979305 1.143620253 -0.6175088286 0.7686911225 -0.1667240709 2.341840885e-38
1.135166883 3.947902679 1.143611073 -0.322969228 0.8269587159 -0.4602501392 2.341840885e-38
1.175483823 3.929299355 1.152276397 0.9496158361 0.3101439178 -0.0451740995 2.341840885e-38
1.17436564 3.9333179 1.150354862 0.9934268594 0.03833615035 0.1078592688 2.341840885e-38
1.134119034 3.95220685 1.150293589 -0.1469700485 0.8825979233 -0.446565479 2.341840885e-38
1.128970146 3.952121258 1.151171088 0.06524221599 0.980894506 -0.1832748055 2.341840885e-38
1.173275113 3.93490243 1.157250881 0.978397727 0.1701089442 0.1174770594 2.341840885e-38
1.141340971 3.949861526 1.157371759 -0.5929278731 0.3306900859 0.7342211604 2.341840885e-38
1.137100339 3.95008564 1.156897187 0.05478651449 0.913210988 0.4037873447 2.341840885e-38
1.173861027 3.931323051 1.16405046 0.9137434363 0.3842773438 0.1319237202 2.341840885e-38
1.141501427 3.948696375 1.161589503 -0.4207386971 0.8960923553 0.1414125413 2.341840885e-38
1.13602376 3.949046612 1.161762476 0.09297727793 0.99193573 0.08613286167 2.341840885e-38
1.173404932 3.929471731 1.168155432 0.8062007427 0.3359059691 0.4870395064 2.341840885e-38
1.159637809 3.940198898 1.17017889 0.2314669937 0.7495567799 0.6201514006 2.341840885e-38
1.142921925 3.948368311 1.167016149 -0.5239258409 0.7785405517 0.3455089927 2.341840885e-38
1.170634985 3.930399895 1.172232389 0.9851725101 -0.004373230506 0.1715110689 2.341840885e-38
1.147198081 3.9449265 1.173275828 0.2203594744 0.8622115254 0.4561064541 2.341840885e-38
1.141763568 3.946197271 1.171765685 0.163029328 0.9197761416 0.3569781184 2.341840885e-38
1.136660099 3.947418451 1.172380447 0.3393082321 0.8669374585 0.3650881648 2.341840885e-38
1.183866143 3.931638718 0.9231798649 0.6551872492 0.1233022213 0.7453363538 2.341840885e-38
1.139395237 3.954892397 0.9219376445 -0.3060093522 0.9494685531 -0.0697703287 2.341840885e-38
1.135507226 3.954134226 0.9254806638 -0.1998338997 0.963136673 -0.1800954044 2.341840885e-38
1.179801226 3.934082508 0.9259579182 0.7662035823 0.4206114113 0.4858170152 2.341840885e-38
1.174369216 3.940755606 0.9295645356 0.7267795205 0.6531660557 0.2125221789 2.341840885e-38
1.141927481 3.956348181 0.9312677383 -0.4148709774 0.9098699093 -0.004346212838 2.341840885e-38
1.177613139 3.934941292 0.934671998 0.8462260962 0.5218288898 0.1076854467 2.341840885e-38
1.139369249 3.956100702 0.9323988557 0.06661632657 0.9977509975 0.007436599582 2.341840885e-38
1.13552165 3.955645323 0.9317910671 -0.190266028 0.9400495887 -0.2830296457 2.341840885e-38
1.177029252 3.935213804 0.9391643405 0.8644660711 0.5007044673 0.04464897513 2.341840885e-38
1.17155695 3.940360785 0.9408007264 0.6912223697 0.6951870918 0.1972984374 2.341840885e-38
1.168868303 3.94354105 0.9385618567 0.5520695448 0.8017299175 0.2290160805 2.341840885e-38
1.141581893 3.956617832 0.9409306645 -0.4025295675 0.9049896002 -0.1377096176 2.341840885e-38
1.135455132 3.956454515 0.9405248761 0.07314637303 0.9963223338 -0.0446250923 2.341840885e-38
1.130644083 3.956034899 0.940253675 -0.3887315691 0.9210620522 -0.02307733893 2.341840885e-38
1.176907539 3.935286283 0.9450531602 0.856679678 0.4911581874 -0.1576821506 2.341840885e-38
1.173517704 3.938595295 0.9449011087 0.5965650082 0.8023591042 0.01816978492 2.341840885e-38
1.168168306 3.943049192 0.9454395771 0.6669653654 0.7410929203 -0.07706159353 2.341840885e-38
1.165929794 3.944771051 0.9473446608 0.8070158958 0.4710892439 0.3560902178 2.341840885e-38
1.136272669 3.957022429 0.9484890699 -0.1534973085 0.9728245735 -0.1733526587 2.341840885e-38
1.129786015 3.955884457 0.9488902688 -0.3690640032 0.9290168285 -0.02682634629 2.341840885e-38
1.177328348 3.935333729 0.9505565166 0.7875586152 0.6150140166 -0.03884845227 2.341840885e-38
1.165009618 3.944612503 0.9493343234 0.5430162549 0.8394040465 -0.02311201394 2.341840885e-38
1.136759281 3.957779408 0.9541329741 -0.1706113666 0.9816243649 -0.08547171205 2.341840885e-38
1.176306367 3.937931061 0.9573966861 0.4670495987 0.8694601655 -0.1609466523 2.341840885e-38
1.169040084 3.942168236 0.9570685625 0.6668929458 0.7212151885 -0.1873565614 2.341840885e-38
1.173485875 3.93980217 0.9628785253 0.4537144005 0.8907601237 0.02626123093 2.341840885e-38
1.168338776 3.943709373 0.9642503858 0.854051888 0.5201417208 0.006938128732 2.341840885e-38
1.173254013 3.939782619 0.9705837369 0.4408685565 0.8975715637 -0.0004787360667 2.341840885e-38
1.167629957 3.943638325 0.9704000354 0.7595450282 0.5970358253 0.2581465542 2.341840885e-38
1.175249457 3.93912673 0.9755117893 0.3938956857 0.917801857 -0.04986041039 2.341840885e-38
1.172070861 3.940223694 0.9831459522 0.5534716845 0.8157020211 0.1682240814 2.341840885e-38
1.170567989 3.941202641 0.9791998863 0.3947270215 0.9187144041 -0.01242956985 2.341840885e-38
1.173426867 3.940053463 0.990101099 0.4053703547 0.886702776 -0.2223356217 2.341840885e-38
1.171191812 3.941022158 0.9885984063 0.5582533479 0.827177465 -0.06427086145 2.341840885e-38
1.176773071 3.939174175 0.9946439266 0.5489391685 0.8349578977 -0.03887397796 2.341840885e-38
1.171468973 3.942205429 0.9958193898 0.4090292752 0.8936786652 -0.184481889 2.341840885e-38
1.173409224 3.940867424 1.003441215 0.4983796775 0.8572654128 0.1292812526 2.341840885e-38
1.185243607 3.930684328 1.014749408 0.6095973849 -0.7913863063 0.04581514373 2.341840885e-38
1.177640915 3.937779665 1.014885426 -0.4508163035 0.8877317309 0.09325870872 2.341840885e-38
1.172606349 3.94063592 1.012057781 0.5169541836 0.8539354205 0.0596046932 2.341840885e-38
1.170106769 3.942676544 1.011263609 0.9616220593 0.2738839686 -0.01645072363 2.341840885e-38
1.175589204 3.938194752 1.016933084 0.5284646749 0.8486412764 0.02308735624 2.341840885e-38
1.175318837 3.939865351 1.036392331 0.4131130576 0.9061300755 -0.09091737121 2.341840885e-38
1.172412753 3.941576958 1.039645433 0.4397296309 0.8959017396 -0.06322960556 2.341840885e-38
1.180164337 3.938351631 1.055888176 -0.05689670146 0.1758770198 0.9827665091 2.341840885e-38
1.182500839 3.932924986 1.059815407 -0.9502513409 -0.2985654771 0.08877595514 2.341840885e-38
1.181344986 3.935462475 1.058716416 -0.08936662972 0.209540084 0.9737076759 2.341840885e-38
1.17976737 3.936506748 1.06306231 0.9086441398 0.4067772031 0.09433031082 2.341840885e-38
1.177597165 3.938758373 1.126363754 0.9619092941 0.2207151204 0.1612925977 2.341840885e-38
1.177314997 3.937121153 1.13021791 0.955930531 0.2399674058 0.1691527814 2.341840885e-38
1.175184131 3.938800097 1.13822341 0.9524578452 0.1825231165 0.2439456731 2.341840885e-38
1.17398572 3.938741922 1.143274069 0.983009398 0.134067446 0.1253738999 2.341840885e-38
1.174540043 3.93991065 1.15015769 0.9377040267 -0.2182247043 -0.270350337 2.341840885e-38
1.173461914 3.939343452 1.157872677 0.9670774937 -0.04414799064 0.2506237626 2.341840885e-38
1.139079809 3.956198454 1.162377477 -0.9196656942 -0.3331530988 0.2079039216 2.341840885e-38
1.147653103 3.947692394 1.170825124 -0.6522679925 -0.4112493694 0.6367263198 2.341840885e-38
1.142276764 3.951950788 1.167886496 -0.843837142 -0.3695529997 0.389062345 2.341840885e-38
1.17120111 3.938702106 1.172393799 0.8501269817 0.1291055679 0.5105054975 2.341840885e-38
1.147490859 3.95176816 1.174618006 -0.456789434 -0.8065702319 0.3752171099 2.341840885e-38
1.146428704 3.953318119 1.177945733 -0.4823727012 -0.8479365706 0.2198187262 2.341840885e-38
1.185922861 3.937465191 0.9204239845 0.4159687459 0.2339388132 0.878773272 2.341840885e-38
1.178600788 3.944853783 0.9208914042 0.4060157239 0.263569057 0.8750328422 2.341840885e-38
1.165229321 3.950955153 0.9250794053 0.419087857 0.7225276232 0.5498355627 2.341840885e-38
1.155211806 3.956104755 0.922062099 0.4156728685 0.9053198695 -0.08724748343 2.341840885e-38
1.146386147 3.957060814 0.9207134843 -0.2653132379 0.956123054 0.1242483854 2.341840885e-38
1.17017293 3.945888281 0.9285302162 0.5381987691 0.7095831037 0.4547899365 2.341840885e-38
1.163084269 3.952166796 0.9259278774 0.6042484045 0.5995879173 0.5247648954 2.341840885e-38
1.153390288 3.957425356 0.9300251603 0.4518108964 0.8913330436 0.03731546551 2.341840885e-38
1.146112323 3.957259893 0.926294148 -0.2857834399 0.9556373358 -0.07131087035 2.341840885e-38
1.16350317 3.94851923 0.9338288903 0.9688006043 0.2282706201 0.09652959555 2.341840885e-38
1.159947157 3.952544212 0.9345129132 0.7288092375 0.6783008575 0.09351504594 2.341840885e-38
1.15259397 3.957637787 0.9344812036 0.473534584 0.8785792589 0.06215803698 2.341840885e-38
1.146183968 3.957465887 0.9342504144 -0.2304299027 0.9725095034 -0.03357858956 2.341840885e-38
1.166659951 3.945248842 0.9379071593 0.5520695448 0.8017299175 0.2290160805 2.341840885e-38
1.163974881 3.949162006 0.9414038658 0.8713855147 0.4531016946 -0.1881124377 2.341840885e-38
1.158679485 3.953902245 0.9396552444 0.6066368818 0.7910701036 -0.07873925567 2.341840885e-38
1.153532386 3.956889868 0.938990593 0.4738923609 0.8798255324 0.03651290387 2.341840885e-38
1.15038693 3.958319664 0.9398899078 -0.1792455465 0.9831199646 0.03669092059 2.341840885e-38
1.14357388 3.957051039 0.9384316802 -0.2704588175 0.9585158825 -0.08999725431 2.341840885e-38
1.154289126 3.95650816 0.9447538853 0.4282837212 0.9022099972 -0.05089489371 2.341840885e-38
1.141273141 3.957761288 0.9479901195 -0.2280784249 0.9621645808 -0.1490624398 2.341840885e-38
1.156862378 3.955070496 0.95161587 0.5063354969 0.8615643978 0.03648700565 2.341840885e-38
1.146366596 3.958539009 0.95208776 0.00323529751 0.9991233349 -0.04174066707 2.341840885e-38
1.142900109 3.95845437 0.9510248303 -0.06163175032 0.9920247793 -0.1099471375 2.341840885e-38
1.164474607 3.947366714 0.9580540061 0.8348576427 0.4370568395 -0.3346550763 2.341840885e-38
1.149659991 3.959187984 0.9575889707 0.335598737 0.9412943721 -0.03658625484 2.341840885e-38
1.146285415 3.960286856 0.9571843743 9.324157145e-05 0.9411470294 -0.3379974067 2.341840885e-38
1.167468429 3.944974899 0.9635543227 0.7886849046 0.6108613014 -0.06946010143 2.341840885e-38
1.137197852 3.959693909 0.9638140798 -0.3586800098 0.919487536 -0.1609081626 2.341840885e-38
1.167761683 3.945919514 1.00883019 0.8162299395 0.5554257631 -0.1589684933 2.341840885e-38
1.193348527 3.933777571 1.031321645 0.3091329932 -0.9505200982 0.03079567291 2.341840885e-38
1.192987561 3.933304071 1.044369221 0.2666220963 -0.7939030528 -0.5464711785 2.341840885e-38
1.179011226 3.940657616 1.05348897 -0.05879592523 0.9793928862 -0.1932166815 2.341840885e-38
1.178685784 3.94062376 1.057976007 0.7975715995 0.5804252625 0.1642743647 2.341840885e-38
1.180135727 3.942041874 1.107510686 0.9442737699 0.2019229978 0.259950459 2.341840885e-38
1.177456021 3.946123362 1.105629444 0.7789687514 0.6112559438 0.1399067193 2.341840885e-38
1.175105214 3.947948694 1.110722303 0.7997274399 0.5056191683 0.3237056136 2.341840885e-38
1.177607656 3.943338394 1.113204122 0.9203286171 0.3774552941 0.1025806665 2.341840885e-38
1.178500772 3.94058013 1.118400574 0.9785942435 0.1350791156 0.1552639008 2.341840885e-38
1.175097823 3.943040848 1.149655104 0.9680889249 0.01901847869 -0.2498842776 2.341840885e-38
1.174806833 3.947832346 1.148893714 0.8828703165 0.2577037513 -0.3925926089 2.341840885e-38
1.174696088 3.944525242 1.153680205 0.9695969224 0.01682334393 0.2441285849 2.341840885e-38
1.173811078 3.943532944 1.166019917 0.9586854577 -0.2780549526 -0.06006557122 2.341840885e-38
1.145874858 3.955173969 1.18137753 0.2129862458 -0.7243394256 0.6557205319 2.341840885e-38
1.174832344 3.949178219 0.9217215776 0.5922203064 0.3536960483 0.723998785 2.341840885e-38
1.173557639 3.952219248 0.9205791354 0.1308407336 0.6863383651 0.715416193 2.341840885e-38
1.164316535 3.954361439 0.9201852083 0.08380227536 0.8666450977 0.4918369353 2.341840885e-38
1.162545919 3.954519272 0.9224308729 0.08996622264 0.9949872494 -0.04366442934 2.341840885e-38
1.171399832 3.949988365 1.073344231 0.5459869504 0.7952991724 -0.2634344399 2.341840885e-38
1.171129704 3.953008175 1.078715086 0.6538675427 0.6260647178 -0.4248531461 2.341840885e-38
1.170506716 3.952624083 1.116075754 0.8449518085 0.3088954389 0.4366235435 2.341840885e-38
1.175244689 3.949609041 1.118887424 0.9295930862 0.344710052 -0.1305059344 2.341840885e-38
1.171079159 3.950825214 1.122584939 0.4950968027 0.7901190519 0.3613739908 2.341840885e-38
1.171742201 3.950312614 1.126114726 0.83964926 0.5286455154 -0.1245916784 2.341840885e-38
1.171233773 3.952581406 1.135529399 0.9523414373 0.2785864472 0.1242400333 2.341840885e-38
1.170863986 3.952264309 1.14383626 0.8550143242 0.2946873009 -0.4267435372 2.341840885e-38
1.174598217 3.950730085 1.151569009 0.8858613968 0.2529650033 0.3889196217 2.341840885e-38
